SalesAmount,Sales_Year,Month,PreviousSalesAmount,MoM_Perc,MoM_Diff
"$ 345,442.72",2019,January,,,
"$ 280,840.98",2019,Febuary,"$ 345,442.72",-18.7%,"$ -64,601.74"
"$ 324,442.46",2019,March,"$ 280,840.98",15.53%,"$ 43,601.48"
"$ 330,465.67",2019,April,"$ 324,442.46",1.86%,"$ 6,023.21"
"$ 323,107.12",2019,May,"$ 330,465.67",-2.23%,"$ -7,358.55"
"$ 327,651.57",2019,June,"$ 323,107.12",1.41%,"$ 4,544.45"
"$ 336,908.08",2019,July,"$ 327,651.57",2.83%,"$ 9,256.51"
"$ 334,527.51",2019,August,"$ 336,908.08",-0.71%,"$ -2,380.57"
"$ 319,316.29",2019,September,"$ 334,527.51",-4.55%,"$ -15,211.22"
"$ 343,280.05",2019,October,"$ 319,316.29",7.5%,"$ 23,963.76"
"$ 319,868.72",2019,November,"$ 343,280.05",-6.82%,"$ -23,411.33"
"$ 475,346.19",2019,December,"$ 319,868.72",48.61%,"$ 155,477.47"
"$ 381,298.02",2020,January,"$ 475,346.19",-19.79%,"$ -94,048.17"
"$ 385,039.27",2020,Febuary,"$ 381,298.02",0.98%,"$ 3,741.25"
"$ 414,289.35",2020,March,"$ 385,039.27",7.6%,"$ 29,250.08"
"$ 378,978.94",2020,April,"$ 414,289.35",-8.52%,"$ -35,310.41"
"$ 399,769.57",2020,May,"$ 378,978.94",5.49%,"$ 20,790.63"
"$ 382,630.65",2020,June,"$ 399,769.57",-4.29%,"$ -17,138.92"
"$ 445,601.63",2020,July,"$ 382,630.65",16.46%,"$ 62,970.98"
"$ 417,792.62",2020,August,"$ 445,601.63",-6.24%,"$ -27,809.01"
"$ 403,041.76",2020,September,"$ 417,792.62",-3.53%,"$ -14,750.86"
"$ 424,451.86",2020,October,"$ 403,041.76",5.31%,"$ 21,410.10"
"$ 392,985.91",2020,November,"$ 424,451.86",-7.41%,"$ -31,465.95"
"$ 456,374.68",2020,December,"$ 392,985.91",16.13%,"$ 63,388.77"
"$ 353,430.22",2021,January,"$ 456,374.68",-22.56%,"$ -102,944.46"
"$ 305,530.71",2021,Febuary,"$ 353,430.22",-13.55%,"$ -47,899.51"
"$ 339,248.78",2021,March,"$ 305,530.71",11.04%,"$ 33,718.07"
"$ 335,213.03",2021,April,"$ 339,248.78",-1.19%,"$ -4,035.75"
"$ 336,252.65",2021,May,"$ 335,213.03",0.31%,"$ 1,039.62"
"$ 327,918.39",2021,June,"$ 336,252.65",-2.48%,"$ -8,334.26"
"$ 301,959.26",2021,July,"$ 327,918.39",-7.92%,"$ -25,959.13"
"$ 322,019.39",2021,August,"$ 301,959.26",6.64%,"$ 20,060.13"
"$ 318,754.53",2021,September,"$ 322,019.39",-1.01%,"$ -3,264.86"
"$ 334,898.70",2021,October,"$ 318,754.53",5.06%,"$ 16,144.17"
"$ 332,620.58",2021,November,"$ 334,898.70",-0.68%,"$ -2,278.12"
"$ 408,708.19",2021,December,"$ 332,620.58",22.88%,"$ 76,087.61"
"$ 329,970.13",2022,January,"$ 408,708.19",-19.27%,"$ -78,738.06"
"$ 317,716.78",2022,Febuary,"$ 329,970.13",-3.71%,"$ -12,253.35"
"$ 353,219.83",2022,March,"$ 317,716.78",11.17%,"$ 35,503.05"
"$ 355,564.16",2022,April,"$ 353,219.83",0.66%,"$ 2,344.33"
"$ 370,551.93",2022,May,"$ 355,564.16",4.22%,"$ 14,987.77"
"$ 342,320.72",2022,June,"$ 370,551.93",-7.62%,"$ -28,231.21"
"$ 358,019.74",2022,July,"$ 342,320.72",4.59%,"$ 15,699.02"
"$ 338,179.84",2022,August,"$ 358,019.74",-5.54%,"$ -19,839.90"
"$ 359,665.32",2022,September,"$ 338,179.84",6.35%,"$ 21,485.48"
"$ 335,804.25",2022,October,"$ 359,665.32",-6.63%,"$ -23,861.07"
"$ 340,313.48",2022,November,"$ 335,804.25",1.34%,"$ 4,509.23"
"$ 406,051.62",2022,December,"$ 340,313.48",19.32%,"$ 65,738.14"
"$ 318,150.28",2023,January,"$ 406,051.62",-21.65%,"$ -87,901.34"
"$ 320,947.09",2023,Febuary,"$ 318,150.28",0.88%,"$ 2,796.81"
"$ 344,831.26",2023,March,"$ 320,947.09",7.44%,"$ 23,884.17"
"$ 346,858.37",2023,April,"$ 344,831.26",0.59%,"$ 2,027.11"
"$ 352,365.82",2023,May,"$ 346,858.37",1.59%,"$ 5,507.45"
"$ 310,338.12",2023,June,"$ 352,365.82",-11.93%,"$ -42,027.70"
"$ 356,226.94",2023,July,"$ 310,338.12",14.79%,"$ 45,888.82"
"$ 351,926.30",2023,August,"$ 356,226.94",-1.21%,"$ -4,300.64"
"$ 339,900.68",2023,September,"$ 351,926.30",-3.42%,"$ -12,025.62"
"$ 338,705.63",2023,October,"$ 339,900.68",-0.35%,"$ -1,195.05"
"$ 320,737.64",2023,November,"$ 338,705.63",-5.3%,"$ -17,967.99"
"$ 409,618.52",2023,December,"$ 320,737.64",27.71%,"$ 88,880.88"
"$ 345,029.06",2024,January,"$ 409,618.52",-15.77%,"$ -64,589.46"
"$ 334,962.08",2024,Febuary,"$ 345,029.06",-2.92%,"$ -10,066.98"
"$ 359,622.41",2024,March,"$ 334,962.08",7.36%,"$ 24,660.33"
"$ 322,575.12",2024,April,"$ 359,622.41",-10.3%,"$ -37,047.29"
"$ 357,804.96",2024,May,"$ 322,575.12",10.92%,"$ 35,229.84"
"$ 322,074.49",2024,June,"$ 357,804.96",-9.99%,"$ -35,730.47"
"$ 324,760.57",2024,July,"$ 322,074.49",0.83%,"$ 2,686.08"
"$ 348,264.54",2024,August,"$ 324,760.57",7.24%,"$ 23,503.97"
"$ 332,825.37",2024,September,"$ 348,264.54",-4.43%,"$ -15,439.17"
"$ 326,269.12",2024,October,"$ 332,825.37",-1.97%,"$ -6,556.25"
"$ 334,270.26",2024,November,"$ 326,269.12",2.45%,"$ 8,001.14"
"$ 451,255.42",2024,December,"$ 334,270.26",35%,"$ 116,985.16"
"$ 324,961.46",2019,January,,,
"$ 301,263.07",2019,Febuary,"$ 324,961.46",-7.29%,"$ -23,698.39"
"$ 331,166.75",2019,March,"$ 301,263.07",9.93%,"$ 29,903.68"
"$ 307,526.66",2019,April,"$ 331,166.75",-7.14%,"$ -23,640.09"
"$ 349,659.31",2019,May,"$ 307,526.66",13.7%,"$ 42,132.65"
"$ 311,009.67",2019,June,"$ 349,659.31",-11.05%,"$ -38,649.64"
"$ 352,363.17",2019,July,"$ 311,009.67",13.3%,"$ 41,353.50"
"$ 348,808.69",2019,August,"$ 352,363.17",-1.01%,"$ -3,554.48"
"$ 313,794.61",2019,September,"$ 348,808.69",-10.04%,"$ -35,014.08"
"$ 359,551.71",2019,October,"$ 313,794.61",14.58%,"$ 45,757.10"
"$ 324,467.27",2019,November,"$ 359,551.71",-9.76%,"$ -35,084.44"
"$ 473,348.53",2019,December,"$ 324,467.27",45.88%,"$ 148,881.26"
"$ 397,370.35",2020,January,"$ 473,348.53",-16.05%,"$ -75,978.18"
"$ 404,401.71",2020,Febuary,"$ 397,370.35",1.77%,"$ 7,031.36"
"$ 402,996.68",2020,March,"$ 404,401.71",-0.35%,"$ -1,405.03"
"$ 407,345.31",2020,April,"$ 402,996.68",1.08%,"$ 4,348.63"
"$ 425,114.42",2020,May,"$ 407,345.31",4.36%,"$ 17,769.11"
"$ 433,439.63",2020,June,"$ 425,114.42",1.96%,"$ 8,325.21"
"$ 419,316.40",2020,July,"$ 433,439.63",-3.26%,"$ -14,123.23"
"$ 405,320.59",2020,August,"$ 419,316.40",-3.34%,"$ -13,995.81"
"$ 392,441.73",2020,September,"$ 405,320.59",-3.18%,"$ -12,878.86"
"$ 412,116.23",2020,October,"$ 392,441.73",5.01%,"$ 19,674.50"
"$ 369,188.50",2020,November,"$ 412,116.23",-10.42%,"$ -42,927.73"
"$ 473,793.22",2020,December,"$ 369,188.50",28.33%,"$ 104,604.72"
"$ 358,392.89",2021,January,"$ 473,793.22",-24.36%,"$ -115,400.33"
"$ 329,714.94",2021,Febuary,"$ 358,392.89",-8%,"$ -28,677.95"
"$ 342,101.92",2021,March,"$ 329,714.94",3.76%,"$ 12,386.98"
"$ 366,181.07",2021,April,"$ 342,101.92",7.04%,"$ 24,079.15"
"$ 347,180.43",2021,May,"$ 366,181.07",-5.19%,"$ -19,000.64"
"$ 345,826.20",2021,June,"$ 347,180.43",-0.39%,"$ -1,354.23"
"$ 340,968.42",2021,July,"$ 345,826.20",-1.4%,"$ -4,857.78"
"$ 350,319.59",2021,August,"$ 340,968.42",2.74%,"$ 9,351.17"
"$ 331,256.02",2021,September,"$ 350,319.59",-5.44%,"$ -19,063.57"
"$ 352,595.91",2021,October,"$ 331,256.02",6.44%,"$ 21,339.89"
"$ 330,440.79",2021,November,"$ 352,595.91",-6.28%,"$ -22,155.12"
"$ 434,689.02",2021,December,"$ 330,440.79",31.55%,"$ 104,248.23"
"$ 366,511.59",2022,January,"$ 434,689.02",-15.68%,"$ -68,177.43"
"$ 323,955.15",2022,Febuary,"$ 366,511.59",-11.61%,"$ -42,556.44"
"$ 374,681.73",2022,March,"$ 323,955.15",15.66%,"$ 50,726.58"
"$ 339,339.96",2022,April,"$ 374,681.73",-9.43%,"$ -35,341.77"
"$ 370,938.94",2022,May,"$ 339,339.96",9.31%,"$ 31,598.98"
"$ 347,634.01",2022,June,"$ 370,938.94",-6.28%,"$ -23,304.93"
"$ 362,935.40",2022,July,"$ 347,634.01",4.4%,"$ 15,301.39"
"$ 351,494.23",2022,August,"$ 362,935.40",-3.15%,"$ -11,441.17"
"$ 378,563.59",2022,September,"$ 351,494.23",7.7%,"$ 27,069.36"
"$ 356,995.36",2022,October,"$ 378,563.59",-5.7%,"$ -21,568.23"
"$ 342,026.64",2022,November,"$ 356,995.36",-4.19%,"$ -14,968.72"
"$ 404,462.60",2022,December,"$ 342,026.64",18.25%,"$ 62,435.96"
"$ 339,188.56",2023,January,"$ 404,462.60",-16.14%,"$ -65,274.04"
"$ 318,105.95",2023,Febuary,"$ 339,188.56",-6.22%,"$ -21,082.61"
"$ 315,542.93",2023,March,"$ 318,105.95",-0.81%,"$ -2,563.02"
"$ 336,403.18",2023,April,"$ 315,542.93",6.61%,"$ 20,860.25"
"$ 350,051.24",2023,May,"$ 336,403.18",4.06%,"$ 13,648.06"
"$ 341,718.42",2023,June,"$ 350,051.24",-2.38%,"$ -8,332.82"
"$ 328,610.30",2023,July,"$ 341,718.42",-3.84%,"$ -13,108.12"
"$ 321,701.96",2023,August,"$ 328,610.30",-2.1%,"$ -6,908.34"
"$ 331,399.69",2023,September,"$ 321,701.96",3.01%,"$ 9,697.73"
"$ 324,347.07",2023,October,"$ 331,399.69",-2.13%,"$ -7,052.62"
"$ 335,323.61",2023,November,"$ 324,347.07",3.38%,"$ 10,976.54"
"$ 432,052.43",2023,December,"$ 335,323.61",28.85%,"$ 96,728.82"
"$ 345,101.27",2024,January,"$ 432,052.43",-20.13%,"$ -86,951.16"
"$ 315,720.78",2024,Febuary,"$ 345,101.27",-8.51%,"$ -29,380.49"
"$ 349,413.69",2024,March,"$ 315,720.78",10.67%,"$ 33,692.91"
"$ 340,627.79",2024,April,"$ 349,413.69",-2.51%,"$ -8,785.90"
"$ 354,928.88",2024,May,"$ 340,627.79",4.2%,"$ 14,301.09"
"$ 330,809.49",2024,June,"$ 354,928.88",-6.8%,"$ -24,119.39"
"$ 344,223.61",2024,July,"$ 330,809.49",4.05%,"$ 13,414.12"
"$ 334,021.67",2024,August,"$ 344,223.61",-2.96%,"$ -10,201.94"
"$ 316,444.78",2024,September,"$ 334,021.67",-5.26%,"$ -17,576.89"
"$ 370,081.43",2024,October,"$ 316,444.78",16.95%,"$ 53,636.65"
"$ 312,177.74",2024,November,"$ 370,081.43",-15.65%,"$ -57,903.69"
"$ 437,677.59",2024,December,"$ 312,177.74",40.2%,"$ 125,499.85"
"$ 1,299,656.82",2019,January,,,
"$ 1,122,233.09",2019,Febuary,"$ 1,299,656.82",-13.65%,"$ -177,423.73"
"$ 1,247,710.09",2019,March,"$ 1,122,233.09",11.18%,"$ 125,477.00"
"$ 1,277,571.25",2019,April,"$ 1,247,710.09",2.39%,"$ 29,861.16"
"$ 1,264,497.18",2019,May,"$ 1,277,571.25",-1.02%,"$ -13,074.07"
"$ 1,233,144.84",2019,June,"$ 1,264,497.18",-2.48%,"$ -31,352.34"
"$ 1,305,836.22",2019,July,"$ 1,233,144.84",5.89%,"$ 72,691.38"
"$ 1,270,534.83",2019,August,"$ 1,305,836.22",-2.7%,"$ -35,301.39"
"$ 1,318,959.68",2019,September,"$ 1,270,534.83",3.81%,"$ 48,424.85"
"$ 1,315,300.80",2019,October,"$ 1,318,959.68",-0.28%,"$ -3,658.88"
"$ 1,193,103.24",2019,November,"$ 1,315,300.80",-9.29%,"$ -122,197.56"
"$ 1,717,068.07",2019,December,"$ 1,193,103.24",43.92%,"$ 523,964.83"
"$ 1,549,114.60",2020,January,"$ 1,717,068.07",-9.78%,"$ -167,953.47"
"$ 1,406,319.24",2020,Febuary,"$ 1,549,114.60",-9.22%,"$ -142,795.36"
"$ 1,546,664.54",2020,March,"$ 1,406,319.24",9.98%,"$ 140,345.30"
"$ 1,487,252.40",2020,April,"$ 1,546,664.54",-3.84%,"$ -59,412.14"
"$ 1,560,980.84",2020,May,"$ 1,487,252.40",4.96%,"$ 73,728.44"
"$ 1,510,035.47",2020,June,"$ 1,560,980.84",-3.26%,"$ -50,945.37"
"$ 1,573,301.20",2020,July,"$ 1,510,035.47",4.19%,"$ 63,265.73"
"$ 1,548,048.45",2020,August,"$ 1,573,301.20",-1.61%,"$ -25,252.75"
"$ 1,495,994.68",2020,September,"$ 1,548,048.45",-3.36%,"$ -52,053.77"
"$ 1,616,605.21",2020,October,"$ 1,495,994.68",8.06%,"$ 120,610.53"
"$ 1,501,918.51",2020,November,"$ 1,616,605.21",-7.09%,"$ -114,686.70"
"$ 1,775,936.00",2020,December,"$ 1,501,918.51",18.24%,"$ 274,017.49"
"$ 1,288,164.83",2021,January,"$ 1,775,936.00",-27.47%,"$ -487,771.17"
"$ 1,116,931.18",2021,Febuary,"$ 1,288,164.83",-13.29%,"$ -171,233.65"
"$ 1,300,293.70",2021,March,"$ 1,116,931.18",16.42%,"$ 183,362.52"
"$ 1,286,751.64",2021,April,"$ 1,300,293.70",-1.04%,"$ -13,542.06"
"$ 1,293,021.34",2021,May,"$ 1,286,751.64",0.49%,"$ 6,269.70"
"$ 1,211,835.78",2021,June,"$ 1,293,021.34",-6.28%,"$ -81,185.56"
"$ 1,333,326.39",2021,July,"$ 1,211,835.78",10.03%,"$ 121,490.61"
"$ 1,330,196.87",2021,August,"$ 1,333,326.39",-0.23%,"$ -3,129.52"
"$ 1,221,102.08",2021,September,"$ 1,330,196.87",-8.2%,"$ -109,094.79"
"$ 1,290,901.37",2021,October,"$ 1,221,102.08",5.72%,"$ 69,799.29"
"$ 1,227,585.49",2021,November,"$ 1,290,901.37",-4.9%,"$ -63,315.88"
"$ 1,587,312.92",2021,December,"$ 1,227,585.49",29.3%,"$ 359,727.43"
"$ 1,305,046.06",2022,January,"$ 1,587,312.92",-17.78%,"$ -282,266.86"
"$ 1,272,611.01",2022,Febuary,"$ 1,305,046.06",-2.49%,"$ -32,435.05"
"$ 1,373,103.44",2022,March,"$ 1,272,611.01",7.9%,"$ 100,492.43"
"$ 1,296,489.61",2022,April,"$ 1,373,103.44",-5.58%,"$ -76,613.83"
"$ 1,310,756.24",2022,May,"$ 1,296,489.61",1.1%,"$ 14,266.63"
"$ 1,240,558.09",2022,June,"$ 1,310,756.24",-5.36%,"$ -70,198.15"
"$ 1,397,958.29",2022,July,"$ 1,240,558.09",12.69%,"$ 157,400.20"
"$ 1,331,537.98",2022,August,"$ 1,397,958.29",-4.75%,"$ -66,420.31"
"$ 1,351,682.76",2022,September,"$ 1,331,537.98",1.51%,"$ 20,144.78"
"$ 1,315,282.53",2022,October,"$ 1,351,682.76",-2.69%,"$ -36,400.23"
"$ 1,312,479.08",2022,November,"$ 1,315,282.53",-0.21%,"$ -2,803.45"
"$ 1,590,557.53",2022,December,"$ 1,312,479.08",21.19%,"$ 278,078.45"
"$ 1,266,571.53",2023,January,"$ 1,590,557.53",-20.37%,"$ -323,986.00"
"$ 1,185,409.47",2023,Febuary,"$ 1,266,571.53",-6.41%,"$ -81,162.06"
"$ 1,278,210.26",2023,March,"$ 1,185,409.47",7.83%,"$ 92,800.79"
"$ 1,276,240.79",2023,April,"$ 1,278,210.26",-0.15%,"$ -1,969.47"
"$ 1,406,181.08",2023,May,"$ 1,276,240.79",10.18%,"$ 129,940.29"
"$ 1,252,204.33",2023,June,"$ 1,406,181.08",-10.95%,"$ -153,976.75"
"$ 1,338,534.65",2023,July,"$ 1,252,204.33",6.89%,"$ 86,330.32"
"$ 1,266,329.88",2023,August,"$ 1,338,534.65",-5.39%,"$ -72,204.77"
"$ 1,257,153.90",2023,September,"$ 1,266,329.88",-0.72%,"$ -9,175.98"
"$ 1,324,969.58",2023,October,"$ 1,257,153.90",5.39%,"$ 67,815.68"
"$ 1,304,051.15",2023,November,"$ 1,324,969.58",-1.58%,"$ -20,918.43"
"$ 1,615,567.91",2023,December,"$ 1,304,051.15",23.89%,"$ 311,516.76"
"$ 1,263,974.25",2024,January,"$ 1,615,567.91",-21.76%,"$ -351,593.66"
"$ 1,265,209.64",2024,Febuary,"$ 1,263,974.25",0.1%,"$ 1,235.39"
"$ 1,322,359.80",2024,March,"$ 1,265,209.64",4.52%,"$ 57,150.16"
"$ 1,257,296.66",2024,April,"$ 1,322,359.80",-4.92%,"$ -65,063.14"
"$ 1,336,879.03",2024,May,"$ 1,257,296.66",6.33%,"$ 79,582.37"
"$ 1,300,931.37",2024,June,"$ 1,336,879.03",-2.69%,"$ -35,947.66"
"$ 1,301,922.36",2024,July,"$ 1,300,931.37",0.08%,$ 990.99
"$ 1,367,881.11",2024,August,"$ 1,301,922.36",5.07%,"$ 65,958.75"
"$ 1,304,317.90",2024,September,"$ 1,367,881.11",-4.65%,"$ -63,563.21"
"$ 1,233,099.40",2024,October,"$ 1,304,317.90",-5.46%,"$ -71,218.50"
"$ 1,332,157.72",2024,November,"$ 1,233,099.40",8.03%,"$ 99,058.32"
"$ 1,664,752.16",2024,December,"$ 1,332,157.72",24.97%,"$ 332,594.44"
"$ 745,362.65",2019,January,,,
"$ 629,473.79",2019,Febuary,"$ 745,362.65",-15.55%,"$ -115,888.86"
"$ 674,486.46",2019,March,"$ 629,473.79",7.15%,"$ 45,012.67"
"$ 615,135.13",2019,April,"$ 674,486.46",-8.8%,"$ -59,351.33"
"$ 750,559.75",2019,May,"$ 615,135.13",22.02%,"$ 135,424.62"
"$ 635,027.75",2019,June,"$ 750,559.75",-15.39%,"$ -115,532.00"
"$ 723,226.72",2019,July,"$ 635,027.75",13.89%,"$ 88,198.97"
"$ 720,371.52",2019,August,"$ 723,226.72",-0.39%,"$ -2,855.20"
"$ 712,184.46",2019,September,"$ 720,371.52",-1.14%,"$ -8,187.06"
"$ 719,615.03",2019,October,"$ 712,184.46",1.04%,"$ 7,430.57"
"$ 685,134.04",2019,November,"$ 719,615.03",-4.79%,"$ -34,480.99"
"$ 879,093.60",2019,December,"$ 685,134.04",28.31%,"$ 193,959.56"
"$ 834,051.53",2020,January,"$ 879,093.60",-5.12%,"$ -45,042.07"
"$ 737,895.51",2020,Febuary,"$ 834,051.53",-11.53%,"$ -96,156.02"
"$ 821,672.75",2020,March,"$ 737,895.51",11.35%,"$ 83,777.24"
"$ 799,304.67",2020,April,"$ 821,672.75",-2.72%,"$ -22,368.08"
"$ 861,569.79",2020,May,"$ 799,304.67",7.79%,"$ 62,265.12"
"$ 749,851.83",2020,June,"$ 861,569.79",-12.97%,"$ -111,717.96"
"$ 830,364.73",2020,July,"$ 749,851.83",10.74%,"$ 80,512.90"
"$ 826,219.75",2020,August,"$ 830,364.73",-0.5%,"$ -4,144.98"
"$ 797,625.63",2020,September,"$ 826,219.75",-3.46%,"$ -28,594.12"
"$ 856,233.75",2020,October,"$ 797,625.63",7.35%,"$ 58,608.12"
"$ 844,851.04",2020,November,"$ 856,233.75",-1.33%,"$ -11,382.71"
"$ 1,013,448.88",2020,December,"$ 844,851.04",19.96%,"$ 168,597.84"
"$ 676,931.07",2021,January,"$ 1,013,448.88",-33.21%,"$ -336,517.81"
"$ 650,023.26",2021,Febuary,"$ 676,931.07",-3.97%,"$ -26,907.81"
"$ 745,298.37",2021,March,"$ 650,023.26",14.66%,"$ 95,275.11"
"$ 600,710.92",2021,April,"$ 745,298.37",-19.4%,"$ -144,587.45"
"$ 639,419.33",2021,May,"$ 600,710.92",6.44%,"$ 38,708.41"
"$ 694,583.77",2021,June,"$ 639,419.33",8.63%,"$ 55,164.44"
"$ 689,438.57",2021,July,"$ 694,583.77",-0.74%,"$ -5,145.20"
"$ 705,299.22",2021,August,"$ 689,438.57",2.3%,"$ 15,860.65"
"$ 693,507.63",2021,September,"$ 705,299.22",-1.67%,"$ -11,791.59"
"$ 691,610.40",2021,October,"$ 693,507.63",-0.27%,"$ -1,897.23"
"$ 685,682.04",2021,November,"$ 691,610.40",-0.86%,"$ -5,928.36"
"$ 924,686.26",2021,December,"$ 685,682.04",34.86%,"$ 239,004.22"
"$ 729,667.51",2022,January,"$ 924,686.26",-21.09%,"$ -195,018.75"
"$ 681,666.15",2022,Febuary,"$ 729,667.51",-6.58%,"$ -48,001.36"
"$ 729,238.59",2022,March,"$ 681,666.15",6.98%,"$ 47,572.44"
"$ 728,775.52",2022,April,"$ 729,238.59",-0.06%,$ -463.07
"$ 689,626.39",2022,May,"$ 728,775.52",-5.37%,"$ -39,149.13"
"$ 714,559.89",2022,June,"$ 689,626.39",3.62%,"$ 24,933.50"
"$ 728,992.84",2022,July,"$ 714,559.89",2.02%,"$ 14,432.95"
"$ 765,688.74",2022,August,"$ 728,992.84",5.03%,"$ 36,695.90"
"$ 697,625.33",2022,September,"$ 765,688.74",-8.89%,"$ -68,063.41"
"$ 712,698.99",2022,October,"$ 697,625.33",2.16%,"$ 15,073.66"
"$ 670,406.20",2022,November,"$ 712,698.99",-5.93%,"$ -42,292.79"
"$ 854,144.45",2022,December,"$ 670,406.20",27.41%,"$ 183,738.25"
"$ 716,043.83",2023,January,"$ 854,144.45",-16.17%,"$ -138,100.62"
"$ 654,470.45",2023,Febuary,"$ 716,043.83",-8.6%,"$ -61,573.38"
"$ 678,299.13",2023,March,"$ 654,470.45",3.64%,"$ 23,828.68"
"$ 681,108.16",2023,April,"$ 678,299.13",0.41%,"$ 2,809.03"
"$ 720,748.24",2023,May,"$ 681,108.16",5.82%,"$ 39,640.08"
"$ 700,246.17",2023,June,"$ 720,748.24",-2.84%,"$ -20,502.07"
"$ 729,736.11",2023,July,"$ 700,246.17",4.21%,"$ 29,489.94"
"$ 716,082.91",2023,August,"$ 729,736.11",-1.87%,"$ -13,653.20"
"$ 624,046.06",2023,September,"$ 716,082.91",-12.85%,"$ -92,036.85"
"$ 739,937.80",2023,October,"$ 624,046.06",18.57%,"$ 115,891.74"
"$ 623,240.83",2023,November,"$ 739,937.80",-15.77%,"$ -116,696.97"
"$ 895,338.91",2023,December,"$ 623,240.83",43.66%,"$ 272,098.08"
"$ 742,548.92",2024,January,"$ 895,338.91",-17.07%,"$ -152,789.99"
"$ 605,469.72",2024,Febuary,"$ 742,548.92",-18.46%,"$ -137,079.20"
"$ 719,803.56",2024,March,"$ 605,469.72",18.88%,"$ 114,333.84"
"$ 723,661.66",2024,April,"$ 719,803.56",0.54%,"$ 3,858.10"
"$ 716,561.63",2024,May,"$ 723,661.66",-0.98%,"$ -7,100.03"
"$ 662,866.62",2024,June,"$ 716,561.63",-7.49%,"$ -53,695.01"
"$ 698,281.08",2024,July,"$ 662,866.62",5.34%,"$ 35,414.46"
"$ 733,120.01",2024,August,"$ 698,281.08",4.99%,"$ 34,838.93"
"$ 707,102.16",2024,September,"$ 733,120.01",-3.55%,"$ -26,017.85"
"$ 755,965.87",2024,October,"$ 707,102.16",6.91%,"$ 48,863.71"
"$ 664,233.97",2024,November,"$ 755,965.87",-12.13%,"$ -91,731.90"
"$ 874,670.39",2024,December,"$ 664,233.97",31.68%,"$ 210,436.42"
"$ 342,775.78",2019,January,,,
"$ 307,953.23",2019,Febuary,"$ 342,775.78",-10.16%,"$ -34,822.55"
"$ 344,656.27",2019,March,"$ 307,953.23",11.92%,"$ 36,703.04"
"$ 330,335.39",2019,April,"$ 344,656.27",-4.16%,"$ -14,320.88"
"$ 339,467.44",2019,May,"$ 330,335.39",2.76%,"$ 9,132.05"
"$ 342,406.06",2019,June,"$ 339,467.44",0.87%,"$ 2,938.62"
"$ 350,921.70",2019,July,"$ 342,406.06",2.49%,"$ 8,515.64"
"$ 334,509.37",2019,August,"$ 350,921.70",-4.68%,"$ -16,412.33"
"$ 312,981.13",2019,September,"$ 334,509.37",-6.44%,"$ -21,528.24"
"$ 360,402.68",2019,October,"$ 312,981.13",15.15%,"$ 47,421.55"
"$ 310,301.69",2019,November,"$ 360,402.68",-13.9%,"$ -50,100.99"
"$ 448,838.92",2019,December,"$ 310,301.69",44.65%,"$ 138,537.23"
"$ 416,097.98",2020,January,"$ 448,838.92",-7.29%,"$ -32,740.94"
"$ 407,188.94",2020,Febuary,"$ 416,097.98",-2.14%,"$ -8,909.04"
"$ 436,090.45",2020,March,"$ 407,188.94",7.1%,"$ 28,901.51"
"$ 410,193.27",2020,April,"$ 436,090.45",-5.94%,"$ -25,897.18"
"$ 408,729.90",2020,May,"$ 410,193.27",-0.36%,"$ -1,463.37"
"$ 392,574.50",2020,June,"$ 408,729.90",-3.95%,"$ -16,155.40"
"$ 434,288.94",2020,July,"$ 392,574.50",10.63%,"$ 41,714.44"
"$ 427,297.45",2020,August,"$ 434,288.94",-1.61%,"$ -6,991.49"
"$ 404,060.42",2020,September,"$ 427,297.45",-5.44%,"$ -23,237.03"
"$ 390,963.32",2020,October,"$ 404,060.42",-3.24%,"$ -13,097.10"
"$ 439,224.25",2020,November,"$ 390,963.32",12.34%,"$ 48,260.93"
"$ 479,125.22",2020,December,"$ 439,224.25",9.08%,"$ 39,900.97"
"$ 359,999.03",2021,January,"$ 479,125.22",-24.86%,"$ -119,126.19"
"$ 318,345.48",2021,Febuary,"$ 359,999.03",-11.57%,"$ -41,653.55"
"$ 325,393.10",2021,March,"$ 318,345.48",2.21%,"$ 7,047.62"
"$ 342,355.27",2021,April,"$ 325,393.10",5.21%,"$ 16,962.17"
"$ 348,423.89",2021,May,"$ 342,355.27",1.77%,"$ 6,068.62"
"$ 344,577.44",2021,June,"$ 348,423.89",-1.1%,"$ -3,846.45"
"$ 353,873.12",2021,July,"$ 344,577.44",2.7%,"$ 9,295.68"
"$ 357,064.77",2021,August,"$ 353,873.12",0.9%,"$ 3,191.65"
"$ 332,958.42",2021,September,"$ 357,064.77",-6.75%,"$ -24,106.35"
"$ 335,342.47",2021,October,"$ 332,958.42",0.72%,"$ 2,384.05"
"$ 350,139.42",2021,November,"$ 335,342.47",4.41%,"$ 14,796.95"
"$ 437,690.22",2021,December,"$ 350,139.42",25%,"$ 87,550.80"
"$ 363,389.66",2022,January,"$ 437,690.22",-16.98%,"$ -74,300.56"
"$ 337,772.79",2022,Febuary,"$ 363,389.66",-7.05%,"$ -25,616.87"
"$ 373,517.68",2022,March,"$ 337,772.79",10.58%,"$ 35,744.89"
"$ 336,036.22",2022,April,"$ 373,517.68",-10.03%,"$ -37,481.46"
"$ 383,676.89",2022,May,"$ 336,036.22",14.18%,"$ 47,640.67"
"$ 350,756.40",2022,June,"$ 383,676.89",-8.58%,"$ -32,920.49"
"$ 357,963.34",2022,July,"$ 350,756.40",2.05%,"$ 7,206.94"
"$ 379,953.82",2022,August,"$ 357,963.34",6.14%,"$ 21,990.48"
"$ 381,139.67",2022,September,"$ 379,953.82",0.31%,"$ 1,185.85"
"$ 355,548.12",2022,October,"$ 381,139.67",-6.71%,"$ -25,591.55"
"$ 356,427.29",2022,November,"$ 355,548.12",0.25%,$ 879.17
"$ 421,172.39",2022,December,"$ 356,427.29",18.17%,"$ 64,745.10"
"$ 335,507.63",2023,January,"$ 421,172.39",-20.34%,"$ -85,664.76"
"$ 332,546.44",2023,Febuary,"$ 335,507.63",-0.88%,"$ -2,961.19"
"$ 350,102.97",2023,March,"$ 332,546.44",5.28%,"$ 17,556.53"
"$ 328,135.34",2023,April,"$ 350,102.97",-6.27%,"$ -21,967.63"
"$ 365,641.77",2023,May,"$ 328,135.34",11.43%,"$ 37,506.43"
"$ 350,447.16",2023,June,"$ 365,641.77",-4.16%,"$ -15,194.61"
"$ 325,956.05",2023,July,"$ 350,447.16",-6.99%,"$ -24,491.11"
"$ 348,025.91",2023,August,"$ 325,956.05",6.77%,"$ 22,069.86"
"$ 340,204.72",2023,September,"$ 348,025.91",-2.25%,"$ -7,821.19"
"$ 371,177.41",2023,October,"$ 340,204.72",9.1%,"$ 30,972.69"
"$ 344,930.98",2023,November,"$ 371,177.41",-7.07%,"$ -26,246.43"
"$ 402,674.43",2023,December,"$ 344,930.98",16.74%,"$ 57,743.45"
"$ 361,819.84",2024,January,"$ 402,674.43",-10.15%,"$ -40,854.59"
"$ 342,295.74",2024,Febuary,"$ 361,819.84",-5.4%,"$ -19,524.10"
"$ 355,307.56",2024,March,"$ 342,295.74",3.8%,"$ 13,011.82"
"$ 325,643.54",2024,April,"$ 355,307.56",-8.35%,"$ -29,664.02"
"$ 350,869.96",2024,May,"$ 325,643.54",7.75%,"$ 25,226.42"
"$ 349,144.16",2024,June,"$ 350,869.96",-0.49%,"$ -1,725.80"
"$ 323,782.30",2024,July,"$ 349,144.16",-7.26%,"$ -25,361.86"
"$ 374,067.10",2024,August,"$ 323,782.30",15.53%,"$ 50,284.80"
"$ 341,514.00",2024,September,"$ 374,067.10",-8.7%,"$ -32,553.10"
"$ 340,301.34",2024,October,"$ 341,514.00",-0.36%,"$ -1,212.66"
"$ 339,142.75",2024,November,"$ 340,301.34",-0.34%,"$ -1,158.59"
"$ 459,115.51",2024,December,"$ 339,142.75",35.38%,"$ 119,972.76"
"$ 1,284,227.26",2019,January,,,
"$ 1,148,907.84",2019,Febuary,"$ 1,284,227.26",-10.54%,"$ -135,319.42"
"$ 1,301,165.97",2019,March,"$ 1,148,907.84",13.25%,"$ 152,258.13"
"$ 1,279,160.59",2019,April,"$ 1,301,165.97",-1.69%,"$ -22,005.38"
"$ 1,254,917.32",2019,May,"$ 1,279,160.59",-1.9%,"$ -24,243.27"
"$ 1,230,826.80",2019,June,"$ 1,254,917.32",-1.92%,"$ -24,090.52"
"$ 1,264,947.18",2019,July,"$ 1,230,826.80",2.77%,"$ 34,120.38"
"$ 1,364,513.70",2019,August,"$ 1,264,947.18",7.87%,"$ 99,566.52"
"$ 1,250,162.12",2019,September,"$ 1,364,513.70",-8.38%,"$ -114,351.58"
"$ 1,245,782.52",2019,October,"$ 1,250,162.12",-0.35%,"$ -4,379.60"
"$ 1,238,267.24",2019,November,"$ 1,245,782.52",-0.6%,"$ -7,515.28"
"$ 1,750,027.06",2019,December,"$ 1,238,267.24",41.33%,"$ 511,759.82"
"$ 1,499,243.05",2020,January,"$ 1,750,027.06",-14.33%,"$ -250,784.01"
"$ 1,441,073.69",2020,Febuary,"$ 1,499,243.05",-3.88%,"$ -58,169.36"
"$ 1,526,582.39",2020,March,"$ 1,441,073.69",5.93%,"$ 85,508.70"
"$ 1,561,972.47",2020,April,"$ 1,526,582.39",2.32%,"$ 35,390.08"
"$ 1,604,792.74",2020,May,"$ 1,561,972.47",2.74%,"$ 42,820.27"
"$ 1,588,340.35",2020,June,"$ 1,604,792.74",-1.03%,"$ -16,452.39"
"$ 1,635,457.13",2020,July,"$ 1,588,340.35",2.97%,"$ 47,116.78"
"$ 1,607,089.88",2020,August,"$ 1,635,457.13",-1.73%,"$ -28,367.25"
"$ 1,472,078.69",2020,September,"$ 1,607,089.88",-8.4%,"$ -135,011.19"
"$ 1,523,093.13",2020,October,"$ 1,472,078.69",3.47%,"$ 51,014.44"
"$ 1,398,230.73",2020,November,"$ 1,523,093.13",-8.2%,"$ -124,862.40"
"$ 1,813,189.98",2020,December,"$ 1,398,230.73",29.68%,"$ 414,959.25"
"$ 1,203,755.37",2021,January,"$ 1,813,189.98",-33.61%,"$ -609,434.61"
"$ 1,169,078.75",2021,Febuary,"$ 1,203,755.37",-2.88%,"$ -34,676.62"
"$ 1,303,342.00",2021,March,"$ 1,169,078.75",11.48%,"$ 134,263.25"
"$ 1,261,796.43",2021,April,"$ 1,303,342.00",-3.19%,"$ -41,545.57"
"$ 1,264,967.02",2021,May,"$ 1,261,796.43",0.25%,"$ 3,170.59"
"$ 1,263,803.15",2021,June,"$ 1,264,967.02",-0.09%,"$ -1,163.87"
"$ 1,288,523.22",2021,July,"$ 1,263,803.15",1.96%,"$ 24,720.07"
"$ 1,313,624.29",2021,August,"$ 1,288,523.22",1.95%,"$ 25,101.07"
"$ 1,197,366.32",2021,September,"$ 1,313,624.29",-8.85%,"$ -116,257.97"
"$ 1,324,250.76",2021,October,"$ 1,197,366.32",10.6%,"$ 126,884.44"
"$ 1,175,522.77",2021,November,"$ 1,324,250.76",-11.23%,"$ -148,727.99"
"$ 1,712,616.77",2021,December,"$ 1,175,522.77",45.69%,"$ 537,094.00"
"$ 1,420,257.14",2022,January,"$ 1,712,616.77",-17.07%,"$ -292,359.63"
"$ 1,308,610.37",2022,Febuary,"$ 1,420,257.14",-7.86%,"$ -111,646.77"
"$ 1,351,583.45",2022,March,"$ 1,308,610.37",3.28%,"$ 42,973.08"
"$ 1,366,250.67",2022,April,"$ 1,351,583.45",1.09%,"$ 14,667.22"
"$ 1,371,896.09",2022,May,"$ 1,366,250.67",0.41%,"$ 5,645.42"
"$ 1,313,293.37",2022,June,"$ 1,371,896.09",-4.27%,"$ -58,602.72"
"$ 1,289,641.35",2022,July,"$ 1,313,293.37",-1.8%,"$ -23,652.02"
"$ 1,302,872.86",2022,August,"$ 1,289,641.35",1.03%,"$ 13,231.51"
"$ 1,347,777.98",2022,September,"$ 1,302,872.86",3.45%,"$ 44,905.12"
"$ 1,383,750.59",2022,October,"$ 1,347,777.98",2.67%,"$ 35,972.61"
"$ 1,233,372.83",2022,November,"$ 1,383,750.59",-10.87%,"$ -150,377.76"
"$ 1,574,362.15",2022,December,"$ 1,233,372.83",27.65%,"$ 340,989.32"
"$ 1,343,384.92",2023,January,"$ 1,574,362.15",-14.67%,"$ -230,977.23"
"$ 1,113,072.44",2023,Febuary,"$ 1,343,384.92",-17.14%,"$ -230,312.48"
"$ 1,242,521.32",2023,March,"$ 1,113,072.44",11.63%,"$ 129,448.88"
"$ 1,314,517.74",2023,April,"$ 1,242,521.32",5.79%,"$ 71,996.42"
"$ 1,326,454.47",2023,May,"$ 1,314,517.74",0.91%,"$ 11,936.73"
"$ 1,245,485.31",2023,June,"$ 1,326,454.47",-6.1%,"$ -80,969.16"
"$ 1,306,967.88",2023,July,"$ 1,245,485.31",4.94%,"$ 61,482.57"
"$ 1,251,119.14",2023,August,"$ 1,306,967.88",-4.27%,"$ -55,848.74"
"$ 1,267,892.72",2023,September,"$ 1,251,119.14",1.34%,"$ 16,773.58"
"$ 1,307,620.60",2023,October,"$ 1,267,892.72",3.13%,"$ 39,727.88"
"$ 1,256,454.84",2023,November,"$ 1,307,620.60",-3.91%,"$ -51,165.76"
"$ 1,604,737.34",2023,December,"$ 1,256,454.84",27.72%,"$ 348,282.50"
"$ 1,348,049.54",2024,January,"$ 1,604,737.34",-16%,"$ -256,687.80"
"$ 1,224,557.82",2024,Febuary,"$ 1,348,049.54",-9.16%,"$ -123,491.72"
"$ 1,355,163.15",2024,March,"$ 1,224,557.82",10.67%,"$ 130,605.33"
"$ 1,244,184.29",2024,April,"$ 1,355,163.15",-8.19%,"$ -110,978.86"
"$ 1,235,073.43",2024,May,"$ 1,244,184.29",-0.73%,"$ -9,110.86"
"$ 1,279,167.09",2024,June,"$ 1,235,073.43",3.57%,"$ 44,093.66"
"$ 1,223,842.66",2024,July,"$ 1,279,167.09",-4.33%,"$ -55,324.43"
"$ 1,273,791.69",2024,August,"$ 1,223,842.66",4.08%,"$ 49,949.03"
"$ 1,325,759.11",2024,September,"$ 1,273,791.69",4.08%,"$ 51,967.42"
"$ 1,384,702.13",2024,October,"$ 1,325,759.11",4.45%,"$ 58,943.02"
"$ 1,258,610.94",2024,November,"$ 1,384,702.13",-9.11%,"$ -126,091.19"
"$ 1,589,392.27",2024,December,"$ 1,258,610.94",26.28%,"$ 330,781.33"
"$ 1,318,332.55",2019,January,,,
"$ 1,180,306.42",2019,Febuary,"$ 1,318,332.55",-10.47%,"$ -138,026.13"
"$ 1,320,105.34",2019,March,"$ 1,180,306.42",11.84%,"$ 139,798.92"
"$ 1,219,088.66",2019,April,"$ 1,320,105.34",-7.65%,"$ -101,016.68"
"$ 1,276,788.29",2019,May,"$ 1,219,088.66",4.73%,"$ 57,699.63"
"$ 1,227,893.09",2019,June,"$ 1,276,788.29",-3.83%,"$ -48,895.20"
"$ 1,290,552.85",2019,July,"$ 1,227,893.09",5.1%,"$ 62,659.76"
"$ 1,348,914.74",2019,August,"$ 1,290,552.85",4.52%,"$ 58,361.89"
"$ 1,217,764.73",2019,September,"$ 1,348,914.74",-9.72%,"$ -131,150.01"
"$ 1,416,296.60",2019,October,"$ 1,217,764.73",16.3%,"$ 198,531.87"
"$ 1,250,321.32",2019,November,"$ 1,416,296.60",-11.72%,"$ -165,975.28"
"$ 1,724,223.47",2019,December,"$ 1,250,321.32",37.9%,"$ 473,902.15"
"$ 1,479,737.73",2020,January,"$ 1,724,223.47",-14.18%,"$ -244,485.74"
"$ 1,455,230.90",2020,Febuary,"$ 1,479,737.73",-1.66%,"$ -24,506.83"
"$ 1,484,819.06",2020,March,"$ 1,455,230.90",2.03%,"$ 29,588.16"
"$ 1,477,696.13",2020,April,"$ 1,484,819.06",-0.48%,"$ -7,122.93"
"$ 1,545,696.71",2020,May,"$ 1,477,696.13",4.6%,"$ 68,000.58"
"$ 1,459,804.52",2020,June,"$ 1,545,696.71",-5.56%,"$ -85,892.19"
"$ 1,571,060.75",2020,July,"$ 1,459,804.52",7.62%,"$ 111,256.23"
"$ 1,474,276.65",2020,August,"$ 1,571,060.75",-6.16%,"$ -96,784.10"
"$ 1,512,237.33",2020,September,"$ 1,474,276.65",2.57%,"$ 37,960.68"
"$ 1,488,708.34",2020,October,"$ 1,512,237.33",-1.56%,"$ -23,528.99"
"$ 1,477,918.04",2020,November,"$ 1,488,708.34",-0.72%,"$ -10,790.30"
"$ 1,744,393.95",2020,December,"$ 1,477,918.04",18.03%,"$ 266,475.91"
"$ 1,293,800.20",2021,January,"$ 1,744,393.95",-25.83%,"$ -450,593.75"
"$ 1,104,457.40",2021,Febuary,"$ 1,293,800.20",-14.63%,"$ -189,342.80"
"$ 1,284,708.77",2021,March,"$ 1,104,457.40",16.32%,"$ 180,251.37"
"$ 1,288,711.06",2021,April,"$ 1,284,708.77",0.31%,"$ 4,002.29"
"$ 1,236,629.85",2021,May,"$ 1,288,711.06",-4.04%,"$ -52,081.21"
"$ 1,301,935.16",2021,June,"$ 1,236,629.85",5.28%,"$ 65,305.31"
"$ 1,300,450.08",2021,July,"$ 1,301,935.16",-0.11%,"$ -1,485.08"
"$ 1,324,608.72",2021,August,"$ 1,300,450.08",1.86%,"$ 24,158.64"
"$ 1,281,471.05",2021,September,"$ 1,324,608.72",-3.26%,"$ -43,137.67"
"$ 1,310,119.26",2021,October,"$ 1,281,471.05",2.24%,"$ 28,648.21"
"$ 1,227,721.59",2021,November,"$ 1,310,119.26",-6.29%,"$ -82,397.67"
"$ 1,659,167.44",2021,December,"$ 1,227,721.59",35.14%,"$ 431,445.85"
"$ 1,338,323.47",2022,January,"$ 1,659,167.44",-19.34%,"$ -320,843.97"
"$ 1,276,064.59",2022,Febuary,"$ 1,338,323.47",-4.65%,"$ -62,258.88"
"$ 1,363,042.51",2022,March,"$ 1,276,064.59",6.82%,"$ 86,977.92"
"$ 1,333,797.36",2022,April,"$ 1,363,042.51",-2.15%,"$ -29,245.15"
"$ 1,321,922.43",2022,May,"$ 1,333,797.36",-0.89%,"$ -11,874.93"
"$ 1,299,971.45",2022,June,"$ 1,321,922.43",-1.66%,"$ -21,950.98"
"$ 1,443,570.02",2022,July,"$ 1,299,971.45",11.05%,"$ 143,598.57"
"$ 1,384,017.66",2022,August,"$ 1,443,570.02",-4.13%,"$ -59,552.36"
"$ 1,287,406.65",2022,September,"$ 1,384,017.66",-6.98%,"$ -96,611.01"
"$ 1,361,487.16",2022,October,"$ 1,287,406.65",5.75%,"$ 74,080.51"
"$ 1,342,977.70",2022,November,"$ 1,361,487.16",-1.36%,"$ -18,509.46"
"$ 1,535,440.92",2022,December,"$ 1,342,977.70",14.33%,"$ 192,463.22"
"$ 1,276,152.64",2023,January,"$ 1,535,440.92",-16.89%,"$ -259,288.28"
"$ 1,066,472.43",2023,Febuary,"$ 1,276,152.64",-16.43%,"$ -209,680.21"
"$ 1,266,647.52",2023,March,"$ 1,066,472.43",18.77%,"$ 200,175.09"
"$ 1,313,648.11",2023,April,"$ 1,266,647.52",3.71%,"$ 47,000.59"
"$ 1,282,719.98",2023,May,"$ 1,313,648.11",-2.35%,"$ -30,928.13"
"$ 1,264,006.28",2023,June,"$ 1,282,719.98",-1.46%,"$ -18,713.70"
"$ 1,312,344.01",2023,July,"$ 1,264,006.28",3.82%,"$ 48,337.73"
"$ 1,284,732.00",2023,August,"$ 1,312,344.01",-2.1%,"$ -27,612.01"
"$ 1,148,435.05",2023,September,"$ 1,284,732.00",-10.61%,"$ -136,296.95"
"$ 1,298,559.37",2023,October,"$ 1,148,435.05",13.07%,"$ 150,124.32"
"$ 1,286,701.93",2023,November,"$ 1,298,559.37",-0.91%,"$ -11,857.44"
"$ 1,551,957.12",2023,December,"$ 1,286,701.93",20.62%,"$ 265,255.19"
"$ 1,357,953.77",2024,January,"$ 1,551,957.12",-12.5%,"$ -194,003.35"
"$ 1,218,025.07",2024,Febuary,"$ 1,357,953.77",-10.3%,"$ -139,928.70"
"$ 1,310,956.12",2024,March,"$ 1,218,025.07",7.63%,"$ 92,931.05"
"$ 1,224,996.74",2024,April,"$ 1,310,956.12",-6.56%,"$ -85,959.38"
"$ 1,323,956.19",2024,May,"$ 1,224,996.74",8.08%,"$ 98,959.45"
"$ 1,247,020.43",2024,June,"$ 1,323,956.19",-5.81%,"$ -76,935.76"
"$ 1,295,378.23",2024,July,"$ 1,247,020.43",3.88%,"$ 48,357.80"
"$ 1,357,357.10",2024,August,"$ 1,295,378.23",4.78%,"$ 61,978.87"
"$ 1,294,291.90",2024,September,"$ 1,357,357.10",-4.65%,"$ -63,065.20"
"$ 1,310,814.44",2024,October,"$ 1,294,291.90",1.28%,"$ 16,522.54"
"$ 1,307,441.81",2024,November,"$ 1,310,814.44",-0.26%,"$ -3,372.63"
"$ 1,596,422.77",2024,December,"$ 1,307,441.81",22.1%,"$ 288,980.96"
"$ 671,793.03",2019,January,,,
"$ 621,467.64",2019,Febuary,"$ 671,793.03",-7.49%,"$ -50,325.39"
"$ 697,585.42",2019,March,"$ 621,467.64",12.25%,"$ 76,117.78"
"$ 744,498.53",2019,April,"$ 697,585.42",6.73%,"$ 46,913.11"
"$ 686,164.95",2019,May,"$ 744,498.53",-7.84%,"$ -58,333.58"
"$ 689,278.89",2019,June,"$ 686,164.95",0.45%,"$ 3,113.94"
"$ 699,381.03",2019,July,"$ 689,278.89",1.47%,"$ 10,102.14"
"$ 732,729.93",2019,August,"$ 699,381.03",4.77%,"$ 33,348.90"
"$ 644,166.21",2019,September,"$ 732,729.93",-12.09%,"$ -88,563.72"
"$ 667,613.98",2019,October,"$ 644,166.21",3.64%,"$ 23,447.77"
"$ 699,199.59",2019,November,"$ 667,613.98",4.73%,"$ 31,585.61"
"$ 943,566.98",2019,December,"$ 699,199.59",34.95%,"$ 244,367.39"
"$ 863,765.94",2020,January,"$ 943,566.98",-8.46%,"$ -79,801.04"
"$ 740,763.65",2020,Febuary,"$ 863,765.94",-14.24%,"$ -123,002.29"
"$ 844,897.89",2020,March,"$ 740,763.65",14.06%,"$ 104,134.24"
"$ 791,772.59",2020,April,"$ 844,897.89",-6.29%,"$ -53,125.30"
"$ 803,879.46",2020,May,"$ 791,772.59",1.53%,"$ 12,106.87"
"$ 803,259.68",2020,June,"$ 803,879.46",-0.08%,$ -619.78
"$ 833,644.71",2020,July,"$ 803,259.68",3.78%,"$ 30,385.03"
"$ 864,370.56",2020,August,"$ 833,644.71",3.69%,"$ 30,725.85"
"$ 779,662.90",2020,September,"$ 864,370.56",-9.8%,"$ -84,707.66"
"$ 826,109.96",2020,October,"$ 779,662.90",5.96%,"$ 46,447.06"
"$ 807,105.13",2020,November,"$ 826,109.96",-2.3%,"$ -19,004.83"
"$ 969,143.69",2020,December,"$ 807,105.13",20.08%,"$ 162,038.56"
"$ 733,501.30",2021,January,"$ 969,143.69",-24.31%,"$ -235,642.39"
"$ 632,751.19",2021,Febuary,"$ 733,501.30",-13.74%,"$ -100,750.11"
"$ 710,845.05",2021,March,"$ 632,751.19",12.34%,"$ 78,093.86"
"$ 699,267.85",2021,April,"$ 710,845.05",-1.63%,"$ -11,577.20"
"$ 768,498.29",2021,May,"$ 699,267.85",9.9%,"$ 69,230.44"
"$ 721,437.78",2021,June,"$ 768,498.29",-6.12%,"$ -47,060.51"
"$ 711,030.94",2021,July,"$ 721,437.78",-1.44%,"$ -10,406.84"
"$ 664,895.21",2021,August,"$ 711,030.94",-6.49%,"$ -46,135.73"
"$ 656,379.56",2021,September,"$ 664,895.21",-1.28%,"$ -8,515.65"
"$ 696,344.80",2021,October,"$ 656,379.56",6.09%,"$ 39,965.24"
"$ 678,291.76",2021,November,"$ 696,344.80",-2.59%,"$ -18,053.04"
"$ 878,483.31",2021,December,"$ 678,291.76",29.51%,"$ 200,191.55"
"$ 751,906.17",2022,January,"$ 878,483.31",-14.41%,"$ -126,577.14"
"$ 641,452.33",2022,Febuary,"$ 751,906.17",-14.69%,"$ -110,453.84"
"$ 795,644.91",2022,March,"$ 641,452.33",24.04%,"$ 154,192.58"
"$ 678,069.03",2022,April,"$ 795,644.91",-14.78%,"$ -117,575.88"
"$ 725,156.63",2022,May,"$ 678,069.03",6.94%,"$ 47,087.60"
"$ 687,310.42",2022,June,"$ 725,156.63",-5.22%,"$ -37,846.21"
"$ 744,366.00",2022,July,"$ 687,310.42",8.3%,"$ 57,055.58"
"$ 745,683.88",2022,August,"$ 744,366.00",0.18%,"$ 1,317.88"
"$ 693,523.01",2022,September,"$ 745,683.88",-7%,"$ -52,160.87"
"$ 684,193.12",2022,October,"$ 693,523.01",-1.35%,"$ -9,329.89"
"$ 712,136.68",2022,November,"$ 684,193.12",4.08%,"$ 27,943.56"
"$ 828,369.31",2022,December,"$ 712,136.68",16.32%,"$ 116,232.63"
"$ 668,978.78",2023,January,"$ 828,369.31",-19.24%,"$ -159,390.53"
"$ 611,030.83",2023,Febuary,"$ 668,978.78",-8.66%,"$ -57,947.95"
"$ 671,309.23",2023,March,"$ 611,030.83",9.87%,"$ 60,278.40"
"$ 742,566.32",2023,April,"$ 671,309.23",10.61%,"$ 71,257.09"
"$ 706,174.59",2023,May,"$ 742,566.32",-4.9%,"$ -36,391.73"
"$ 659,168.24",2023,June,"$ 706,174.59",-6.66%,"$ -47,006.35"
"$ 719,266.82",2023,July,"$ 659,168.24",9.12%,"$ 60,098.58"
"$ 700,486.61",2023,August,"$ 719,266.82",-2.61%,"$ -18,780.21"
"$ 668,167.45",2023,September,"$ 700,486.61",-4.61%,"$ -32,319.16"
"$ 712,412.56",2023,October,"$ 668,167.45",6.62%,"$ 44,245.11"
"$ 649,253.89",2023,November,"$ 712,412.56",-8.87%,"$ -63,158.67"
"$ 877,003.51",2023,December,"$ 649,253.89",35.08%,"$ 227,749.62"
"$ 685,973.71",2024,January,"$ 877,003.51",-21.78%,"$ -191,029.80"
"$ 674,537.68",2024,Febuary,"$ 685,973.71",-1.67%,"$ -11,436.03"
"$ 728,609.43",2024,March,"$ 674,537.68",8.02%,"$ 54,071.75"
"$ 709,287.31",2024,April,"$ 728,609.43",-2.65%,"$ -19,322.12"
"$ 726,570.18",2024,May,"$ 709,287.31",2.44%,"$ 17,282.87"
"$ 714,222.44",2024,June,"$ 726,570.18",-1.7%,"$ -12,347.74"
"$ 699,340.42",2024,July,"$ 714,222.44",-2.08%,"$ -14,882.02"
"$ 708,312.73",2024,August,"$ 699,340.42",1.28%,"$ 8,972.31"
"$ 680,510.49",2024,September,"$ 708,312.73",-3.93%,"$ -27,802.24"
"$ 727,301.70",2024,October,"$ 680,510.49",6.88%,"$ 46,791.21"
"$ 718,498.15",2024,November,"$ 727,301.70",-1.21%,"$ -8,803.55"
"$ 879,380.86",2024,December,"$ 718,498.15",22.39%,"$ 160,882.71"
"$ 718,721.49",2019,January,,,
"$ 607,986.49",2019,Febuary,"$ 718,721.49",-15.41%,"$ -110,735.00"
"$ 684,632.99",2019,March,"$ 607,986.49",12.61%,"$ 76,646.50"
"$ 663,605.98",2019,April,"$ 684,632.99",-3.07%,"$ -21,027.01"
"$ 730,137.18",2019,May,"$ 663,605.98",10.03%,"$ 66,531.20"
"$ 665,923.88",2019,June,"$ 730,137.18",-8.79%,"$ -64,213.30"
"$ 672,368.16",2019,July,"$ 665,923.88",0.97%,"$ 6,444.28"
"$ 674,105.34",2019,August,"$ 672,368.16",0.26%,"$ 1,737.18"
"$ 668,021.31",2019,September,"$ 674,105.34",-0.9%,"$ -6,084.03"
"$ 713,689.40",2019,October,"$ 668,021.31",6.84%,"$ 45,668.09"
"$ 696,637.82",2019,November,"$ 713,689.40",-2.39%,"$ -17,051.58"
"$ 995,405.31",2019,December,"$ 696,637.82",42.89%,"$ 298,767.49"
"$ 876,486.95",2020,January,"$ 995,405.31",-11.95%,"$ -118,918.36"
"$ 774,684.47",2020,Febuary,"$ 876,486.95",-11.61%,"$ -101,802.48"
"$ 829,104.59",2020,March,"$ 774,684.47",7.02%,"$ 54,420.12"
"$ 786,214.91",2020,April,"$ 829,104.59",-5.17%,"$ -42,889.68"
"$ 852,172.12",2020,May,"$ 786,214.91",8.39%,"$ 65,957.21"
"$ 808,642.33",2020,June,"$ 852,172.12",-5.11%,"$ -43,529.79"
"$ 857,445.22",2020,July,"$ 808,642.33",6.04%,"$ 48,802.89"
"$ 861,750.14",2020,August,"$ 857,445.22",0.5%,"$ 4,304.92"
"$ 843,803.84",2020,September,"$ 861,750.14",-2.08%,"$ -17,946.30"
"$ 800,935.58",2020,October,"$ 843,803.84",-5.08%,"$ -42,868.26"
"$ 850,957.59",2020,November,"$ 800,935.58",6.25%,"$ 50,022.01"
"$ 918,781.29",2020,December,"$ 850,957.59",7.97%,"$ 67,823.70"
"$ 740,646.08",2021,January,"$ 918,781.29",-19.39%,"$ -178,135.21"
"$ 660,459.05",2021,Febuary,"$ 740,646.08",-10.83%,"$ -80,187.03"
"$ 694,465.97",2021,March,"$ 660,459.05",5.15%,"$ 34,006.92"
"$ 672,133.75",2021,April,"$ 694,465.97",-3.22%,"$ -22,332.22"
"$ 651,399.21",2021,May,"$ 672,133.75",-3.08%,"$ -20,734.54"
"$ 687,363.33",2021,June,"$ 651,399.21",5.52%,"$ 35,964.12"
"$ 745,515.49",2021,July,"$ 687,363.33",8.46%,"$ 58,152.16"
"$ 680,367.32",2021,August,"$ 745,515.49",-8.74%,"$ -65,148.17"
"$ 720,926.04",2021,September,"$ 680,367.32",5.96%,"$ 40,558.72"
"$ 671,514.03",2021,October,"$ 720,926.04",-6.85%,"$ -49,412.01"
"$ 708,233.81",2021,November,"$ 671,514.03",5.47%,"$ 36,719.78"
"$ 858,681.53",2021,December,"$ 708,233.81",21.24%,"$ 150,447.72"
"$ 732,483.97",2022,January,"$ 858,681.53",-14.7%,"$ -126,197.56"
"$ 672,678.39",2022,Febuary,"$ 732,483.97",-8.16%,"$ -59,805.58"
"$ 732,654.47",2022,March,"$ 672,678.39",8.92%,"$ 59,976.08"
"$ 682,051.83",2022,April,"$ 732,654.47",-6.91%,"$ -50,602.64"
"$ 718,484.48",2022,May,"$ 682,051.83",5.34%,"$ 36,432.65"
"$ 737,195.30",2022,June,"$ 718,484.48",2.6%,"$ 18,710.82"
"$ 762,944.71",2022,July,"$ 737,195.30",3.49%,"$ 25,749.41"
"$ 744,833.96",2022,August,"$ 762,944.71",-2.37%,"$ -18,110.75"
"$ 708,744.77",2022,September,"$ 744,833.96",-4.85%,"$ -36,089.19"
"$ 764,329.59",2022,October,"$ 708,744.77",7.84%,"$ 55,584.82"
"$ 752,791.81",2022,November,"$ 764,329.59",-1.51%,"$ -11,537.78"
"$ 813,621.78",2022,December,"$ 752,791.81",8.08%,"$ 60,829.97"
"$ 679,299.93",2023,January,"$ 813,621.78",-16.51%,"$ -134,321.85"
"$ 634,301.62",2023,Febuary,"$ 679,299.93",-6.62%,"$ -44,998.31"
"$ 687,532.85",2023,March,"$ 634,301.62",8.39%,"$ 53,231.23"
"$ 707,760.86",2023,April,"$ 687,532.85",2.94%,"$ 20,228.01"
"$ 710,076.51",2023,May,"$ 707,760.86",0.33%,"$ 2,315.65"
"$ 659,408.50",2023,June,"$ 710,076.51",-7.14%,"$ -50,668.01"
"$ 756,075.13",2023,July,"$ 659,408.50",14.66%,"$ 96,666.63"
"$ 684,386.46",2023,August,"$ 756,075.13",-9.48%,"$ -71,688.67"
"$ 683,402.41",2023,September,"$ 684,386.46",-0.14%,$ -984.05
"$ 679,125.29",2023,October,"$ 683,402.41",-0.63%,"$ -4,277.12"
"$ 682,908.50",2023,November,"$ 679,125.29",0.56%,"$ 3,783.21"
"$ 844,722.16",2023,December,"$ 682,908.50",23.69%,"$ 161,813.66"
"$ 700,928.31",2024,January,"$ 844,722.16",-17.02%,"$ -143,793.85"
"$ 654,724.23",2024,Febuary,"$ 700,928.31",-6.59%,"$ -46,204.08"
"$ 719,293.53",2024,March,"$ 654,724.23",9.86%,"$ 64,569.30"
"$ 645,955.76",2024,April,"$ 719,293.53",-10.2%,"$ -73,337.77"
"$ 723,368.75",2024,May,"$ 645,955.76",11.98%,"$ 77,412.99"
"$ 704,239.07",2024,June,"$ 723,368.75",-2.64%,"$ -19,129.68"
"$ 695,811.36",2024,July,"$ 704,239.07",-1.2%,"$ -8,427.71"
"$ 702,459.78",2024,August,"$ 695,811.36",0.96%,"$ 6,648.42"
"$ 712,166.40",2024,September,"$ 702,459.78",1.38%,"$ 9,706.62"
"$ 699,852.72",2024,October,"$ 712,166.40",-1.73%,"$ -12,313.68"
"$ 725,186.44",2024,November,"$ 699,852.72",3.62%,"$ 25,333.72"
"$ 861,380.45",2024,December,"$ 725,186.44",18.78%,"$ 136,194.01"
"$ 658,924.48",2019,January,,,
"$ 627,934.03",2019,Febuary,"$ 658,924.48",-4.7%,"$ -30,990.45"
"$ 739,987.18",2019,March,"$ 627,934.03",17.84%,"$ 112,053.15"
"$ 642,055.95",2019,April,"$ 739,987.18",-13.23%,"$ -97,931.23"
"$ 685,467.91",2019,May,"$ 642,055.95",6.76%,"$ 43,411.96"
"$ 693,583.81",2019,June,"$ 685,467.91",1.18%,"$ 8,115.90"
"$ 690,666.58",2019,July,"$ 693,583.81",-0.42%,"$ -2,917.23"
"$ 733,079.49",2019,August,"$ 690,666.58",6.14%,"$ 42,412.91"
"$ 634,944.96",2019,September,"$ 733,079.49",-13.39%,"$ -98,134.53"
"$ 679,373.38",2019,October,"$ 634,944.96",7%,"$ 44,428.42"
"$ 674,613.58",2019,November,"$ 679,373.38",-0.7%,"$ -4,759.80"
"$ 1,005,764.65",2019,December,"$ 674,613.58",49.09%,"$ 331,151.07"
"$ 828,389.48",2020,January,"$ 1,005,764.65",-17.64%,"$ -177,375.17"
"$ 782,157.65",2020,Febuary,"$ 828,389.48",-5.58%,"$ -46,231.83"
"$ 865,594.99",2020,March,"$ 782,157.65",10.67%,"$ 83,437.34"
"$ 802,058.03",2020,April,"$ 865,594.99",-7.34%,"$ -63,536.96"
"$ 845,958.76",2020,May,"$ 802,058.03",5.47%,"$ 43,900.73"
"$ 788,977.44",2020,June,"$ 845,958.76",-6.74%,"$ -56,981.32"
"$ 894,632.44",2020,July,"$ 788,977.44",13.39%,"$ 105,655.00"
"$ 846,667.21",2020,August,"$ 894,632.44",-5.36%,"$ -47,965.23"
"$ 776,779.72",2020,September,"$ 846,667.21",-8.25%,"$ -69,887.49"
"$ 826,304.68",2020,October,"$ 776,779.72",6.38%,"$ 49,524.96"
"$ 786,037.49",2020,November,"$ 826,304.68",-4.87%,"$ -40,267.19"
"$ 1,014,888.03",2020,December,"$ 786,037.49",29.11%,"$ 228,850.54"
"$ 706,611.17",2021,January,"$ 1,014,888.03",-30.38%,"$ -308,276.86"
"$ 618,490.10",2021,Febuary,"$ 706,611.17",-12.47%,"$ -88,121.07"
"$ 757,696.04",2021,March,"$ 618,490.10",22.51%,"$ 139,205.94"
"$ 618,587.10",2021,April,"$ 757,696.04",-18.36%,"$ -139,108.94"
"$ 630,126.40",2021,May,"$ 618,587.10",1.87%,"$ 11,539.30"
"$ 664,098.62",2021,June,"$ 630,126.40",5.39%,"$ 33,972.22"
"$ 694,507.76",2021,July,"$ 664,098.62",4.58%,"$ 30,409.14"
"$ 686,765.75",2021,August,"$ 694,507.76",-1.11%,"$ -7,742.01"
"$ 659,676.09",2021,September,"$ 686,765.75",-3.94%,"$ -27,089.66"
"$ 736,941.96",2021,October,"$ 659,676.09",11.71%,"$ 77,265.87"
"$ 722,103.76",2021,November,"$ 736,941.96",-2.01%,"$ -14,838.20"
"$ 916,003.20",2021,December,"$ 722,103.76",26.85%,"$ 193,899.44"
"$ 723,218.10",2022,January,"$ 916,003.20",-21.05%,"$ -192,785.10"
"$ 627,063.37",2022,Febuary,"$ 723,218.10",-13.3%,"$ -96,154.73"
"$ 731,951.80",2022,March,"$ 627,063.37",16.73%,"$ 104,888.43"
"$ 707,038.13",2022,April,"$ 731,951.80",-3.4%,"$ -24,913.67"
"$ 715,048.94",2022,May,"$ 707,038.13",1.13%,"$ 8,010.81"
"$ 669,763.34",2022,June,"$ 715,048.94",-6.33%,"$ -45,285.60"
"$ 730,549.30",2022,July,"$ 669,763.34",9.08%,"$ 60,785.96"
"$ 684,974.69",2022,August,"$ 730,549.30",-6.24%,"$ -45,574.61"
"$ 712,517.00",2022,September,"$ 684,974.69",4.02%,"$ 27,542.31"
"$ 716,822.02",2022,October,"$ 712,517.00",0.6%,"$ 4,305.02"
"$ 689,388.74",2022,November,"$ 716,822.02",-3.83%,"$ -27,433.28"
"$ 748,261.67",2022,December,"$ 689,388.74",8.54%,"$ 58,872.93"
"$ 731,347.17",2023,January,"$ 748,261.67",-2.26%,"$ -16,914.50"
"$ 658,940.08",2023,Febuary,"$ 731,347.17",-9.9%,"$ -72,407.09"
"$ 671,485.88",2023,March,"$ 658,940.08",1.9%,"$ 12,545.80"
"$ 650,027.38",2023,April,"$ 671,485.88",-3.2%,"$ -21,458.50"
"$ 749,799.84",2023,May,"$ 650,027.38",15.35%,"$ 99,772.46"
"$ 652,721.82",2023,June,"$ 749,799.84",-12.95%,"$ -97,078.02"
"$ 662,751.51",2023,July,"$ 652,721.82",1.54%,"$ 10,029.69"
"$ 706,042.88",2023,August,"$ 662,751.51",6.53%,"$ 43,291.37"
"$ 706,480.58",2023,September,"$ 706,042.88",0.06%,$ 437.70
"$ 702,233.79",2023,October,"$ 706,480.58",-0.6%,"$ -4,246.79"
"$ 643,335.14",2023,November,"$ 702,233.79",-8.39%,"$ -58,898.65"
"$ 850,756.44",2023,December,"$ 643,335.14",32.24%,"$ 207,421.30"
"$ 739,091.03",2024,January,"$ 850,756.44",-13.13%,"$ -111,665.41"
"$ 661,971.70",2024,Febuary,"$ 739,091.03",-10.43%,"$ -77,119.33"
"$ 720,600.31",2024,March,"$ 661,971.70",8.86%,"$ 58,628.61"
"$ 695,704.50",2024,April,"$ 720,600.31",-3.45%,"$ -24,895.81"
"$ 673,809.48",2024,May,"$ 695,704.50",-3.15%,"$ -21,895.02"
"$ 697,994.46",2024,June,"$ 673,809.48",3.59%,"$ 24,184.98"
"$ 661,168.91",2024,July,"$ 697,994.46",-5.28%,"$ -36,825.55"
"$ 706,655.00",2024,August,"$ 661,168.91",6.88%,"$ 45,486.09"
"$ 717,923.73",2024,September,"$ 706,655.00",1.59%,"$ 11,268.73"
"$ 731,271.21",2024,October,"$ 717,923.73",1.86%,"$ 13,347.48"
"$ 697,646.71",2024,November,"$ 731,271.21",-4.6%,"$ -33,624.50"
"$ 860,252.97",2024,December,"$ 697,646.71",23.31%,"$ 162,606.26"
"$ 355,851.40",2019,January,,,
"$ 289,733.48",2019,Febuary,"$ 355,851.40",-18.58%,"$ -66,117.92"
"$ 337,856.01",2019,March,"$ 289,733.48",16.61%,"$ 48,122.53"
"$ 327,507.69",2019,April,"$ 337,856.01",-3.06%,"$ -10,348.32"
"$ 323,583.81",2019,May,"$ 327,507.69",-1.2%,"$ -3,923.88"
"$ 327,810.29",2019,June,"$ 323,583.81",1.31%,"$ 4,226.48"
"$ 339,685.98",2019,July,"$ 327,810.29",3.62%,"$ 11,875.69"
"$ 344,315.94",2019,August,"$ 339,685.98",1.36%,"$ 4,629.96"
"$ 325,760.28",2019,September,"$ 344,315.94",-5.39%,"$ -18,555.66"
"$ 328,255.52",2019,October,"$ 325,760.28",0.77%,"$ 2,495.24"
"$ 343,942.11",2019,November,"$ 328,255.52",4.78%,"$ 15,686.59"
"$ 447,027.73",2019,December,"$ 343,942.11",29.97%,"$ 103,085.62"
"$ 403,740.97",2020,January,"$ 447,027.73",-9.68%,"$ -43,286.76"
"$ 377,452.98",2020,Febuary,"$ 403,740.97",-6.51%,"$ -26,287.99"
"$ 427,000.92",2020,March,"$ 377,452.98",13.13%,"$ 49,547.94"
"$ 414,019.74",2020,April,"$ 427,000.92",-3.04%,"$ -12,981.18"
"$ 372,506.35",2020,May,"$ 414,019.74",-10.03%,"$ -41,513.39"
"$ 396,213.39",2020,June,"$ 372,506.35",6.36%,"$ 23,707.04"
"$ 383,062.51",2020,July,"$ 396,213.39",-3.32%,"$ -13,150.88"
"$ 390,068.66",2020,August,"$ 383,062.51",1.83%,"$ 7,006.15"
"$ 360,284.32",2020,September,"$ 390,068.66",-7.64%,"$ -29,784.34"
"$ 411,848.47",2020,October,"$ 360,284.32",14.31%,"$ 51,564.15"
"$ 399,302.09",2020,November,"$ 411,848.47",-3.05%,"$ -12,546.38"
"$ 434,102.77",2020,December,"$ 399,302.09",8.72%,"$ 34,800.68"
"$ 332,448.84",2021,January,"$ 434,102.77",-23.42%,"$ -101,653.93"
"$ 303,792.93",2021,Febuary,"$ 332,448.84",-8.62%,"$ -28,655.91"
"$ 329,359.74",2021,March,"$ 303,792.93",8.42%,"$ 25,566.81"
"$ 326,873.52",2021,April,"$ 329,359.74",-0.75%,"$ -2,486.22"
"$ 351,228.59",2021,May,"$ 326,873.52",7.45%,"$ 24,355.07"
"$ 319,248.14",2021,June,"$ 351,228.59",-9.11%,"$ -31,980.45"
"$ 351,323.97",2021,July,"$ 319,248.14",10.05%,"$ 32,075.83"
"$ 337,936.22",2021,August,"$ 351,323.97",-3.81%,"$ -13,387.75"
"$ 292,502.74",2021,September,"$ 337,936.22",-13.44%,"$ -45,433.48"
"$ 363,570.30",2021,October,"$ 292,502.74",24.3%,"$ 71,067.56"
"$ 329,868.50",2021,November,"$ 363,570.30",-9.27%,"$ -33,701.80"
"$ 445,067.74",2021,December,"$ 329,868.50",34.92%,"$ 115,199.24"
"$ 370,146.18",2022,January,"$ 445,067.74",-16.83%,"$ -74,921.56"
"$ 324,707.39",2022,Febuary,"$ 370,146.18",-12.28%,"$ -45,438.79"
"$ 360,548.20",2022,March,"$ 324,707.39",11.04%,"$ 35,840.81"
"$ 364,835.22",2022,April,"$ 360,548.20",1.19%,"$ 4,287.02"
"$ 342,992.29",2022,May,"$ 364,835.22",-5.99%,"$ -21,842.93"
"$ 365,845.19",2022,June,"$ 342,992.29",6.66%,"$ 22,852.90"
"$ 365,910.31",2022,July,"$ 365,845.19",0.02%,$ 65.12
"$ 344,894.51",2022,August,"$ 365,910.31",-5.74%,"$ -21,015.80"
"$ 341,606.93",2022,September,"$ 344,894.51",-0.95%,"$ -3,287.58"
"$ 317,686.41",2022,October,"$ 341,606.93",-7%,"$ -23,920.52"
"$ 321,983.15",2022,November,"$ 317,686.41",1.35%,"$ 4,296.74"
"$ 383,572.20",2022,December,"$ 321,983.15",19.13%,"$ 61,589.05"
"$ 331,207.28",2023,January,"$ 383,572.20",-13.65%,"$ -52,364.92"
"$ 309,230.56",2023,Febuary,"$ 331,207.28",-6.64%,"$ -21,976.72"
"$ 338,643.11",2023,March,"$ 309,230.56",9.51%,"$ 29,412.55"
"$ 331,021.72",2023,April,"$ 338,643.11",-2.25%,"$ -7,621.39"
"$ 357,493.30",2023,May,"$ 331,021.72",8%,"$ 26,471.58"
"$ 337,899.38",2023,June,"$ 357,493.30",-5.48%,"$ -19,593.92"
"$ 326,769.08",2023,July,"$ 337,899.38",-3.29%,"$ -11,130.30"
"$ 326,345.23",2023,August,"$ 326,769.08",-0.13%,$ -423.85
"$ 343,639.12",2023,September,"$ 326,345.23",5.3%,"$ 17,293.89"
"$ 340,914.77",2023,October,"$ 343,639.12",-0.79%,"$ -2,724.35"
"$ 346,128.38",2023,November,"$ 340,914.77",1.53%,"$ 5,213.61"
"$ 418,796.64",2023,December,"$ 346,128.38",20.99%,"$ 72,668.26"
"$ 352,444.22",2024,January,"$ 418,796.64",-15.84%,"$ -66,352.42"
"$ 333,527.51",2024,Febuary,"$ 352,444.22",-5.37%,"$ -18,916.71"
"$ 354,466.48",2024,March,"$ 333,527.51",6.28%,"$ 20,938.97"
"$ 331,105.06",2024,April,"$ 354,466.48",-6.59%,"$ -23,361.42"
"$ 368,321.99",2024,May,"$ 331,105.06",11.24%,"$ 37,216.93"
"$ 329,782.11",2024,June,"$ 368,321.99",-10.46%,"$ -38,539.88"
"$ 356,236.30",2024,July,"$ 329,782.11",8.02%,"$ 26,454.19"
"$ 352,119.68",2024,August,"$ 356,236.30",-1.16%,"$ -4,116.62"
"$ 339,585.19",2024,September,"$ 352,119.68",-3.56%,"$ -12,534.49"
"$ 325,887.18",2024,October,"$ 339,585.19",-4.03%,"$ -13,698.01"
"$ 315,441.75",2024,November,"$ 325,887.18",-3.21%,"$ -10,445.43"
"$ 439,789.60",2024,December,"$ 315,441.75",39.42%,"$ 124,347.85"
"$ 361,946.10",2019,January,,,
"$ 330,340.91",2019,Febuary,"$ 361,946.10",-8.73%,"$ -31,605.19"
"$ 334,414.47",2019,March,"$ 330,340.91",1.23%,"$ 4,073.56"
"$ 336,514.68",2019,April,"$ 334,414.47",0.63%,"$ 2,100.21"
"$ 344,422.14",2019,May,"$ 336,514.68",2.35%,"$ 7,907.46"
"$ 330,355.86",2019,June,"$ 344,422.14",-4.08%,"$ -14,066.28"
"$ 331,774.49",2019,July,"$ 330,355.86",0.43%,"$ 1,418.63"
"$ 345,491.26",2019,August,"$ 331,774.49",4.13%,"$ 13,716.77"
"$ 326,745.39",2019,September,"$ 345,491.26",-5.43%,"$ -18,745.87"
"$ 341,449.62",2019,October,"$ 326,745.39",4.5%,"$ 14,704.23"
"$ 306,252.62",2019,November,"$ 341,449.62",-10.31%,"$ -35,197.00"
"$ 429,841.36",2019,December,"$ 306,252.62",40.36%,"$ 123,588.74"
"$ 403,593.16",2020,January,"$ 429,841.36",-6.11%,"$ -26,248.20"
"$ 389,969.25",2020,Febuary,"$ 403,593.16",-3.38%,"$ -13,623.91"
"$ 409,579.72",2020,March,"$ 389,969.25",5.03%,"$ 19,610.47"
"$ 398,141.43",2020,April,"$ 409,579.72",-2.79%,"$ -11,438.29"
"$ 388,403.15",2020,May,"$ 398,141.43",-2.45%,"$ -9,738.28"
"$ 400,955.80",2020,June,"$ 388,403.15",3.23%,"$ 12,552.65"
"$ 412,938.29",2020,July,"$ 400,955.80",2.99%,"$ 11,982.49"
"$ 447,142.17",2020,August,"$ 412,938.29",8.28%,"$ 34,203.88"
"$ 366,720.46",2020,September,"$ 447,142.17",-17.99%,"$ -80,421.71"
"$ 434,836.10",2020,October,"$ 366,720.46",18.57%,"$ 68,115.64"
"$ 417,471.79",2020,November,"$ 434,836.10",-3.99%,"$ -17,364.31"
"$ 458,327.90",2020,December,"$ 417,471.79",9.79%,"$ 40,856.11"
"$ 345,446.52",2021,January,"$ 458,327.90",-24.63%,"$ -112,881.38"
"$ 325,309.54",2021,Febuary,"$ 345,446.52",-5.83%,"$ -20,136.98"
"$ 337,130.75",2021,March,"$ 325,309.54",3.63%,"$ 11,821.21"
"$ 316,237.41",2021,April,"$ 337,130.75",-6.2%,"$ -20,893.34"
"$ 326,019.56",2021,May,"$ 316,237.41",3.09%,"$ 9,782.15"
"$ 328,264.05",2021,June,"$ 326,019.56",0.69%,"$ 2,244.49"
"$ 333,471.45",2021,July,"$ 328,264.05",1.59%,"$ 5,207.40"
"$ 338,317.09",2021,August,"$ 333,471.45",1.45%,"$ 4,845.64"
"$ 356,612.52",2021,September,"$ 338,317.09",5.41%,"$ 18,295.43"
"$ 345,960.05",2021,October,"$ 356,612.52",-2.99%,"$ -10,652.47"
"$ 331,588.25",2021,November,"$ 345,960.05",-4.15%,"$ -14,371.80"
"$ 453,101.26",2021,December,"$ 331,588.25",36.65%,"$ 121,513.01"
"$ 386,120.80",2022,January,"$ 453,101.26",-14.78%,"$ -66,980.46"
"$ 327,552.18",2022,Febuary,"$ 386,120.80",-15.17%,"$ -58,568.62"
"$ 321,086.31",2022,March,"$ 327,552.18",-1.97%,"$ -6,465.87"
"$ 386,893.84",2022,April,"$ 321,086.31",20.5%,"$ 65,807.53"
"$ 365,686.90",2022,May,"$ 386,893.84",-5.48%,"$ -21,206.94"
"$ 349,339.49",2022,June,"$ 365,686.90",-4.47%,"$ -16,347.41"
"$ 345,127.47",2022,July,"$ 349,339.49",-1.21%,"$ -4,212.02"
"$ 359,995.34",2022,August,"$ 345,127.47",4.31%,"$ 14,867.87"
"$ 340,897.54",2022,September,"$ 359,995.34",-5.31%,"$ -19,097.80"
"$ 371,877.66",2022,October,"$ 340,897.54",9.09%,"$ 30,980.12"
"$ 362,589.92",2022,November,"$ 371,877.66",-2.5%,"$ -9,287.74"
"$ 401,602.01",2022,December,"$ 362,589.92",10.76%,"$ 39,012.09"
"$ 339,611.55",2023,January,"$ 401,602.01",-15.44%,"$ -61,990.46"
"$ 316,024.06",2023,Febuary,"$ 339,611.55",-6.95%,"$ -23,587.49"
"$ 356,914.03",2023,March,"$ 316,024.06",12.94%,"$ 40,889.97"
"$ 331,100.94",2023,April,"$ 356,914.03",-7.23%,"$ -25,813.09"
"$ 361,943.97",2023,May,"$ 331,100.94",9.32%,"$ 30,843.03"
"$ 328,241.49",2023,June,"$ 361,943.97",-9.31%,"$ -33,702.48"
"$ 342,559.84",2023,July,"$ 328,241.49",4.36%,"$ 14,318.35"
"$ 334,111.21",2023,August,"$ 342,559.84",-2.47%,"$ -8,448.63"
"$ 353,784.00",2023,September,"$ 334,111.21",5.89%,"$ 19,672.79"
"$ 331,063.98",2023,October,"$ 353,784.00",-6.42%,"$ -22,720.02"
"$ 335,200.60",2023,November,"$ 331,063.98",1.25%,"$ 4,136.62"
"$ 418,126.09",2023,December,"$ 335,200.60",24.74%,"$ 82,925.49"
"$ 359,412.13",2024,January,"$ 418,126.09",-14.04%,"$ -58,713.96"
"$ 315,891.78",2024,Febuary,"$ 359,412.13",-12.11%,"$ -43,520.35"
"$ 355,575.91",2024,March,"$ 315,891.78",12.56%,"$ 39,684.13"
"$ 356,455.72",2024,April,"$ 355,575.91",0.25%,$ 879.81
"$ 333,556.39",2024,May,"$ 356,455.72",-6.42%,"$ -22,899.33"
"$ 336,330.36",2024,June,"$ 333,556.39",0.83%,"$ 2,773.97"
"$ 348,814.60",2024,July,"$ 336,330.36",3.71%,"$ 12,484.24"
"$ 346,642.40",2024,August,"$ 348,814.60",-0.62%,"$ -2,172.20"
"$ 361,449.13",2024,September,"$ 346,642.40",4.27%,"$ 14,806.73"
"$ 374,114.31",2024,October,"$ 361,449.13",3.5%,"$ 12,665.18"
"$ 346,113.51",2024,November,"$ 374,114.31",-7.48%,"$ -28,000.80"
"$ 422,964.79",2024,December,"$ 346,113.51",22.2%,"$ 76,851.28"
"$ 344,739.71",2019,January,,,
"$ 288,503.45",2019,Febuary,"$ 344,739.71",-16.31%,"$ -56,236.26"
"$ 373,369.12",2019,March,"$ 288,503.45",29.42%,"$ 84,865.67"
"$ 328,444.70",2019,April,"$ 373,369.12",-12.03%,"$ -44,924.42"
"$ 341,316.16",2019,May,"$ 328,444.70",3.92%,"$ 12,871.46"
"$ 341,474.21",2019,June,"$ 341,316.16",0.05%,$ 158.05
"$ 330,608.08",2019,July,"$ 341,474.21",-3.18%,"$ -10,866.13"
"$ 343,090.09",2019,August,"$ 330,608.08",3.78%,"$ 12,482.01"
"$ 323,212.97",2019,September,"$ 343,090.09",-5.79%,"$ -19,877.12"
"$ 323,916.03",2019,October,"$ 323,212.97",0.22%,$ 703.06
"$ 335,968.28",2019,November,"$ 323,916.03",3.72%,"$ 12,052.25"
"$ 474,643.94",2019,December,"$ 335,968.28",41.28%,"$ 138,675.66"
"$ 417,840.72",2020,January,"$ 474,643.94",-11.97%,"$ -56,803.22"
"$ 370,388.91",2020,Febuary,"$ 417,840.72",-11.36%,"$ -47,451.81"
"$ 430,389.92",2020,March,"$ 370,388.91",16.2%,"$ 60,001.01"
"$ 375,831.40",2020,April,"$ 430,389.92",-12.68%,"$ -54,558.52"
"$ 408,522.62",2020,May,"$ 375,831.40",8.7%,"$ 32,691.22"
"$ 381,519.51",2020,June,"$ 408,522.62",-6.61%,"$ -27,003.11"
"$ 418,896.19",2020,July,"$ 381,519.51",9.8%,"$ 37,376.68"
"$ 425,268.68",2020,August,"$ 418,896.19",1.52%,"$ 6,372.49"
"$ 408,753.43",2020,September,"$ 425,268.68",-3.88%,"$ -16,515.25"
"$ 400,259.76",2020,October,"$ 408,753.43",-2.08%,"$ -8,493.67"
"$ 409,521.77",2020,November,"$ 400,259.76",2.31%,"$ 9,262.01"
"$ 452,011.90",2020,December,"$ 409,521.77",10.38%,"$ 42,490.13"
"$ 358,296.95",2021,January,"$ 452,011.90",-20.73%,"$ -93,714.95"
"$ 325,994.22",2021,Febuary,"$ 358,296.95",-9.02%,"$ -32,302.73"
"$ 352,050.68",2021,March,"$ 325,994.22",7.99%,"$ 26,056.46"
"$ 317,609.26",2021,April,"$ 352,050.68",-9.78%,"$ -34,441.42"
"$ 340,274.66",2021,May,"$ 317,609.26",7.14%,"$ 22,665.40"
"$ 349,654.97",2021,June,"$ 340,274.66",2.76%,"$ 9,380.31"
"$ 347,990.76",2021,July,"$ 349,654.97",-0.48%,"$ -1,664.21"
"$ 331,168.58",2021,August,"$ 347,990.76",-4.83%,"$ -16,822.18"
"$ 316,481.85",2021,September,"$ 331,168.58",-4.43%,"$ -14,686.73"
"$ 325,235.44",2021,October,"$ 316,481.85",2.77%,"$ 8,753.59"
"$ 324,180.99",2021,November,"$ 325,235.44",-0.32%,"$ -1,054.45"
"$ 444,354.49",2021,December,"$ 324,180.99",37.07%,"$ 120,173.50"
"$ 359,036.09",2022,January,"$ 444,354.49",-19.2%,"$ -85,318.40"
"$ 314,891.41",2022,Febuary,"$ 359,036.09",-12.3%,"$ -44,144.68"
"$ 346,524.22",2022,March,"$ 314,891.41",10.05%,"$ 31,632.81"
"$ 331,787.68",2022,April,"$ 346,524.22",-4.25%,"$ -14,736.54"
"$ 355,945.70",2022,May,"$ 331,787.68",7.28%,"$ 24,158.02"
"$ 339,001.88",2022,June,"$ 355,945.70",-4.76%,"$ -16,943.82"
"$ 374,382.81",2022,July,"$ 339,001.88",10.44%,"$ 35,380.93"
"$ 362,517.41",2022,August,"$ 374,382.81",-3.17%,"$ -11,865.40"
"$ 334,319.29",2022,September,"$ 362,517.41",-7.78%,"$ -28,198.12"
"$ 332,414.15",2022,October,"$ 334,319.29",-0.57%,"$ -1,905.14"
"$ 328,497.68",2022,November,"$ 332,414.15",-1.18%,"$ -3,916.47"
"$ 436,817.20",2022,December,"$ 328,497.68",32.97%,"$ 108,319.52"
"$ 365,050.27",2023,January,"$ 436,817.20",-16.43%,"$ -71,766.93"
"$ 296,420.75",2023,Febuary,"$ 365,050.27",-18.8%,"$ -68,629.52"
"$ 350,920.89",2023,March,"$ 296,420.75",18.39%,"$ 54,500.14"
"$ 330,752.06",2023,April,"$ 350,920.89",-5.75%,"$ -20,168.83"
"$ 346,791.81",2023,May,"$ 330,752.06",4.85%,"$ 16,039.75"
"$ 346,971.57",2023,June,"$ 346,791.81",0.05%,$ 179.76
"$ 311,840.34",2023,July,"$ 346,971.57",-10.13%,"$ -35,131.23"
"$ 349,547.61",2023,August,"$ 311,840.34",12.09%,"$ 37,707.27"
"$ 338,849.56",2023,September,"$ 349,547.61",-3.06%,"$ -10,698.05"
"$ 359,561.25",2023,October,"$ 338,849.56",6.11%,"$ 20,711.69"
"$ 323,264.75",2023,November,"$ 359,561.25",-10.09%,"$ -36,296.50"
"$ 441,296.62",2023,December,"$ 323,264.75",36.51%,"$ 118,031.87"
"$ 329,308.83",2024,January,"$ 441,296.62",-25.38%,"$ -111,987.79"
"$ 340,252.25",2024,Febuary,"$ 329,308.83",3.32%,"$ 10,943.42"
"$ 344,127.14",2024,March,"$ 340,252.25",1.14%,"$ 3,874.89"
"$ 343,133.48",2024,April,"$ 344,127.14",-0.29%,$ -993.66
"$ 377,222.43",2024,May,"$ 343,133.48",9.93%,"$ 34,088.95"
"$ 352,212.68",2024,June,"$ 377,222.43",-6.63%,"$ -25,009.75"
"$ 378,615.21",2024,July,"$ 352,212.68",7.5%,"$ 26,402.53"
"$ 359,734.08",2024,August,"$ 378,615.21",-4.99%,"$ -18,881.13"
"$ 331,285.45",2024,September,"$ 359,734.08",-7.91%,"$ -28,448.63"
"$ 355,212.21",2024,October,"$ 331,285.45",7.22%,"$ 23,926.76"
"$ 336,379.56",2024,November,"$ 355,212.21",-5.3%,"$ -18,832.65"
"$ 448,390.04",2024,December,"$ 336,379.56",33.3%,"$ 112,010.48"
"$ 644,721.08",2019,January,,,
"$ 621,378.87",2019,Febuary,"$ 644,721.08",-3.62%,"$ -23,342.21"
"$ 670,809.68",2019,March,"$ 621,378.87",7.96%,"$ 49,430.81"
"$ 654,288.88",2019,April,"$ 670,809.68",-2.46%,"$ -16,520.80"
"$ 677,348.38",2019,May,"$ 654,288.88",3.52%,"$ 23,059.50"
"$ 649,587.22",2019,June,"$ 677,348.38",-4.1%,"$ -27,761.16"
"$ 666,519.82",2019,July,"$ 649,587.22",2.61%,"$ 16,932.60"
"$ 712,587.77",2019,August,"$ 666,519.82",6.91%,"$ 46,067.95"
"$ 636,231.63",2019,September,"$ 712,587.77",-10.72%,"$ -76,356.14"
"$ 730,857.91",2019,October,"$ 636,231.63",14.87%,"$ 94,626.28"
"$ 666,770.90",2019,November,"$ 730,857.91",-8.77%,"$ -64,087.01"
"$ 1,064,932.98",2019,December,"$ 666,770.90",59.71%,"$ 398,162.08"
"$ 799,052.51",2020,January,"$ 1,064,932.98",-24.97%,"$ -265,880.47"
"$ 834,094.92",2020,Febuary,"$ 799,052.51",4.39%,"$ 35,042.41"
"$ 857,621.43",2020,March,"$ 834,094.92",2.82%,"$ 23,526.51"
"$ 813,025.12",2020,April,"$ 857,621.43",-5.2%,"$ -44,596.31"
"$ 883,826.11",2020,May,"$ 813,025.12",8.71%,"$ 70,800.99"
"$ 785,965.97",2020,June,"$ 883,826.11",-11.07%,"$ -97,860.14"
"$ 852,620.75",2020,July,"$ 785,965.97",8.48%,"$ 66,654.78"
"$ 851,725.15",2020,August,"$ 852,620.75",-0.11%,$ -895.60
"$ 822,936.41",2020,September,"$ 851,725.15",-3.38%,"$ -28,788.74"
"$ 807,839.14",2020,October,"$ 822,936.41",-1.83%,"$ -15,097.27"
"$ 847,299.95",2020,November,"$ 807,839.14",4.88%,"$ 39,460.81"
"$ 984,155.94",2020,December,"$ 847,299.95",16.15%,"$ 136,855.99"
"$ 730,210.52",2021,January,"$ 984,155.94",-25.8%,"$ -253,945.42"
"$ 654,438.76",2021,Febuary,"$ 730,210.52",-10.38%,"$ -75,771.76"
"$ 754,835.25",2021,March,"$ 654,438.76",15.34%,"$ 100,396.49"
"$ 669,979.36",2021,April,"$ 754,835.25",-11.24%,"$ -84,855.89"
"$ 721,859.58",2021,May,"$ 669,979.36",7.74%,"$ 51,880.22"
"$ 678,327.75",2021,June,"$ 721,859.58",-6.03%,"$ -43,531.83"
"$ 675,121.96",2021,July,"$ 678,327.75",-0.47%,"$ -3,205.79"
"$ 669,589.81",2021,August,"$ 675,121.96",-0.82%,"$ -5,532.15"
"$ 697,373.88",2021,September,"$ 669,589.81",4.15%,"$ 27,784.07"
"$ 678,285.00",2021,October,"$ 697,373.88",-2.74%,"$ -19,088.88"
"$ 684,232.22",2021,November,"$ 678,285.00",0.88%,"$ 5,947.22"
"$ 903,095.55",2021,December,"$ 684,232.22",31.99%,"$ 218,863.33"
"$ 729,644.92",2022,January,"$ 903,095.55",-19.21%,"$ -173,450.63"
"$ 705,783.33",2022,Febuary,"$ 729,644.92",-3.27%,"$ -23,861.59"
"$ 762,707.82",2022,March,"$ 705,783.33",8.07%,"$ 56,924.49"
"$ 691,924.99",2022,April,"$ 762,707.82",-9.28%,"$ -70,782.83"
"$ 717,670.21",2022,May,"$ 691,924.99",3.72%,"$ 25,745.22"
"$ 664,323.15",2022,June,"$ 717,670.21",-7.43%,"$ -53,347.06"
"$ 703,784.84",2022,July,"$ 664,323.15",5.94%,"$ 39,461.69"
"$ 704,948.29",2022,August,"$ 703,784.84",0.17%,"$ 1,163.45"
"$ 710,741.99",2022,September,"$ 704,948.29",0.82%,"$ 5,793.70"
"$ 699,881.71",2022,October,"$ 710,741.99",-1.53%,"$ -10,860.28"
"$ 722,216.45",2022,November,"$ 699,881.71",3.19%,"$ 22,334.74"
"$ 856,738.25",2022,December,"$ 722,216.45",18.63%,"$ 134,521.80"
"$ 682,413.04",2023,January,"$ 856,738.25",-20.35%,"$ -174,325.21"
"$ 631,537.35",2023,Febuary,"$ 682,413.04",-7.46%,"$ -50,875.69"
"$ 700,071.48",2023,March,"$ 631,537.35",10.85%,"$ 68,534.13"
"$ 678,943.07",2023,April,"$ 700,071.48",-3.02%,"$ -21,128.41"
"$ 719,435.19",2023,May,"$ 678,943.07",5.96%,"$ 40,492.12"
"$ 694,314.98",2023,June,"$ 719,435.19",-3.49%,"$ -25,120.21"
"$ 710,966.62",2023,July,"$ 694,314.98",2.4%,"$ 16,651.64"
"$ 643,647.63",2023,August,"$ 710,966.62",-9.47%,"$ -67,318.99"
"$ 663,732.49",2023,September,"$ 643,647.63",3.12%,"$ 20,084.86"
"$ 725,512.27",2023,October,"$ 663,732.49",9.31%,"$ 61,779.78"
"$ 677,472.76",2023,November,"$ 725,512.27",-6.62%,"$ -48,039.51"
"$ 909,377.41",2023,December,"$ 677,472.76",34.23%,"$ 231,904.65"
"$ 703,580.98",2024,January,"$ 909,377.41",-22.63%,"$ -205,796.43"
"$ 689,000.89",2024,Febuary,"$ 703,580.98",-2.07%,"$ -14,580.09"
"$ 684,181.32",2024,March,"$ 689,000.89",-0.7%,"$ -4,819.57"
"$ 685,392.66",2024,April,"$ 684,181.32",0.18%,"$ 1,211.34"
"$ 743,600.85",2024,May,"$ 685,392.66",8.49%,"$ 58,208.19"
"$ 642,775.37",2024,June,"$ 743,600.85",-13.56%,"$ -100,825.48"
"$ 702,001.92",2024,July,"$ 642,775.37",9.21%,"$ 59,226.55"
"$ 715,519.07",2024,August,"$ 702,001.92",1.93%,"$ 13,517.15"
"$ 737,987.81",2024,September,"$ 715,519.07",3.14%,"$ 22,468.74"
"$ 696,574.40",2024,October,"$ 737,987.81",-5.61%,"$ -41,413.41"
"$ 697,837.24",2024,November,"$ 696,574.40",0.18%,"$ 1,262.84"
"$ 940,137.44",2024,December,"$ 697,837.24",34.72%,"$ 242,300.20"
"$ 351,681.49",2019,January,,,
"$ 316,388.05",2019,Febuary,"$ 351,681.49",-10.04%,"$ -35,293.44"
"$ 330,498.44",2019,March,"$ 316,388.05",4.46%,"$ 14,110.39"
"$ 349,359.70",2019,April,"$ 330,498.44",5.71%,"$ 18,861.26"
"$ 349,383.55",2019,May,"$ 349,359.70",0.01%,$ 23.85
"$ 354,967.52",2019,June,"$ 349,383.55",1.6%,"$ 5,583.97"
"$ 344,077.06",2019,July,"$ 354,967.52",-3.07%,"$ -10,890.46"
"$ 331,641.13",2019,August,"$ 344,077.06",-3.61%,"$ -12,435.93"
"$ 345,414.87",2019,September,"$ 331,641.13",4.15%,"$ 13,773.74"
"$ 346,852.29",2019,October,"$ 345,414.87",0.42%,"$ 1,437.42"
"$ 336,468.01",2019,November,"$ 346,852.29",-2.99%,"$ -10,384.28"
"$ 436,661.37",2019,December,"$ 336,468.01",29.78%,"$ 100,193.36"
"$ 407,712.85",2020,January,"$ 436,661.37",-6.63%,"$ -28,948.52"
"$ 389,258.80",2020,Febuary,"$ 407,712.85",-4.53%,"$ -18,454.05"
"$ 411,901.50",2020,March,"$ 389,258.80",5.82%,"$ 22,642.70"
"$ 392,761.35",2020,April,"$ 411,901.50",-4.65%,"$ -19,140.15"
"$ 400,947.75",2020,May,"$ 392,761.35",2.08%,"$ 8,186.40"
"$ 373,668.31",2020,June,"$ 400,947.75",-6.8%,"$ -27,279.44"
"$ 422,833.14",2020,July,"$ 373,668.31",13.16%,"$ 49,164.83"
"$ 403,910.45",2020,August,"$ 422,833.14",-4.48%,"$ -18,922.69"
"$ 394,068.64",2020,September,"$ 403,910.45",-2.44%,"$ -9,841.81"
"$ 391,862.75",2020,October,"$ 394,068.64",-0.56%,"$ -2,205.89"
"$ 406,090.83",2020,November,"$ 391,862.75",3.63%,"$ 14,228.08"
"$ 475,268.24",2020,December,"$ 406,090.83",17.03%,"$ 69,177.41"
"$ 366,148.05",2021,January,"$ 475,268.24",-22.96%,"$ -109,120.19"
"$ 313,918.33",2021,Febuary,"$ 366,148.05",-14.26%,"$ -52,229.72"
"$ 341,147.28",2021,March,"$ 313,918.33",8.67%,"$ 27,228.95"
"$ 351,563.47",2021,April,"$ 341,147.28",3.05%,"$ 10,416.19"
"$ 342,609.26",2021,May,"$ 351,563.47",-2.55%,"$ -8,954.21"
"$ 341,293.62",2021,June,"$ 342,609.26",-0.38%,"$ -1,315.64"
"$ 339,345.96",2021,July,"$ 341,293.62",-0.57%,"$ -1,947.66"
"$ 336,535.02",2021,August,"$ 339,345.96",-0.83%,"$ -2,810.94"
"$ 325,047.81",2021,September,"$ 336,535.02",-3.41%,"$ -11,487.21"
"$ 304,542.91",2021,October,"$ 325,047.81",-6.31%,"$ -20,504.90"
"$ 333,178.84",2021,November,"$ 304,542.91",9.4%,"$ 28,635.93"
"$ 440,139.82",2021,December,"$ 333,178.84",32.1%,"$ 106,960.98"
"$ 352,116.98",2022,January,"$ 440,139.82",-20%,"$ -88,022.84"
"$ 336,585.05",2022,Febuary,"$ 352,116.98",-4.41%,"$ -15,531.93"
"$ 346,324.27",2022,March,"$ 336,585.05",2.89%,"$ 9,739.22"
"$ 340,450.68",2022,April,"$ 346,324.27",-1.7%,"$ -5,873.59"
"$ 347,652.70",2022,May,"$ 340,450.68",2.12%,"$ 7,202.02"
"$ 344,688.52",2022,June,"$ 347,652.70",-0.85%,"$ -2,964.18"
"$ 354,333.61",2022,July,"$ 344,688.52",2.8%,"$ 9,645.09"
"$ 348,948.00",2022,August,"$ 354,333.61",-1.52%,"$ -5,385.61"
"$ 358,962.34",2022,September,"$ 348,948.00",2.87%,"$ 10,014.34"
"$ 392,957.07",2022,October,"$ 358,962.34",9.47%,"$ 33,994.73"
"$ 350,277.91",2022,November,"$ 392,957.07",-10.86%,"$ -42,679.16"
"$ 420,764.69",2022,December,"$ 350,277.91",20.12%,"$ 70,486.78"
"$ 346,014.80",2023,January,"$ 420,764.69",-17.77%,"$ -74,749.89"
"$ 319,304.65",2023,Febuary,"$ 346,014.80",-7.72%,"$ -26,710.15"
"$ 352,325.29",2023,March,"$ 319,304.65",10.34%,"$ 33,020.64"
"$ 334,905.42",2023,April,"$ 352,325.29",-4.94%,"$ -17,419.87"
"$ 351,785.67",2023,May,"$ 334,905.42",5.04%,"$ 16,880.25"
"$ 359,914.85",2023,June,"$ 351,785.67",2.31%,"$ 8,129.18"
"$ 344,802.28",2023,July,"$ 359,914.85",-4.2%,"$ -15,112.57"
"$ 350,424.62",2023,August,"$ 344,802.28",1.63%,"$ 5,622.34"
"$ 338,588.94",2023,September,"$ 350,424.62",-3.38%,"$ -11,835.68"
"$ 359,518.00",2023,October,"$ 338,588.94",6.18%,"$ 20,929.06"
"$ 325,267.78",2023,November,"$ 359,518.00",-9.53%,"$ -34,250.22"
"$ 405,192.72",2023,December,"$ 325,267.78",24.57%,"$ 79,924.94"
"$ 360,119.23",2024,January,"$ 405,192.72",-11.12%,"$ -45,073.49"
"$ 300,849.79",2024,Febuary,"$ 360,119.23",-16.46%,"$ -59,269.44"
"$ 331,990.17",2024,March,"$ 300,849.79",10.35%,"$ 31,140.38"
"$ 323,652.95",2024,April,"$ 331,990.17",-2.51%,"$ -8,337.22"
"$ 356,013.26",2024,May,"$ 323,652.95",10%,"$ 32,360.31"
"$ 327,768.49",2024,June,"$ 356,013.26",-7.93%,"$ -28,244.77"
"$ 322,975.81",2024,July,"$ 327,768.49",-1.46%,"$ -4,792.68"
"$ 348,164.35",2024,August,"$ 322,975.81",7.8%,"$ 25,188.54"
"$ 344,023.15",2024,September,"$ 348,164.35",-1.19%,"$ -4,141.20"
"$ 349,235.02",2024,October,"$ 344,023.15",1.51%,"$ 5,211.87"
"$ 354,259.50",2024,November,"$ 349,235.02",1.44%,"$ 5,024.48"
"$ 429,865.01",2024,December,"$ 354,259.50",21.34%,"$ 75,605.51"
"$ 337,081.18",2019,January,,,
"$ 281,504.95",2019,Febuary,"$ 337,081.18",-16.49%,"$ -55,576.23"
"$ 335,557.31",2019,March,"$ 281,504.95",19.2%,"$ 54,052.36"
"$ 322,810.86",2019,April,"$ 335,557.31",-3.8%,"$ -12,746.45"
"$ 351,959.79",2019,May,"$ 322,810.86",9.03%,"$ 29,148.93"
"$ 311,596.91",2019,June,"$ 351,959.79",-11.47%,"$ -40,362.88"
"$ 336,808.45",2019,July,"$ 311,596.91",8.09%,"$ 25,211.54"
"$ 338,230.13",2019,August,"$ 336,808.45",0.42%,"$ 1,421.68"
"$ 336,987.28",2019,September,"$ 338,230.13",-0.37%,"$ -1,242.85"
"$ 338,232.71",2019,October,"$ 336,987.28",0.37%,"$ 1,245.43"
"$ 327,132.03",2019,November,"$ 338,232.71",-3.28%,"$ -11,100.68"
"$ 483,267.26",2019,December,"$ 327,132.03",47.73%,"$ 156,135.23"
"$ 452,634.17",2020,January,"$ 483,267.26",-6.34%,"$ -30,633.09"
"$ 389,490.31",2020,Febuary,"$ 452,634.17",-13.95%,"$ -63,143.86"
"$ 431,612.70",2020,March,"$ 389,490.31",10.81%,"$ 42,122.39"
"$ 403,744.97",2020,April,"$ 431,612.70",-6.46%,"$ -27,867.73"
"$ 401,397.41",2020,May,"$ 403,744.97",-0.58%,"$ -2,347.56"
"$ 403,193.78",2020,June,"$ 401,397.41",0.45%,"$ 1,796.37"
"$ 399,379.84",2020,July,"$ 403,193.78",-0.95%,"$ -3,813.94"
"$ 401,131.59",2020,August,"$ 399,379.84",0.44%,"$ 1,751.75"
"$ 402,741.78",2020,September,"$ 401,131.59",0.4%,"$ 1,610.19"
"$ 410,403.89",2020,October,"$ 402,741.78",1.9%,"$ 7,662.11"
"$ 375,513.70",2020,November,"$ 410,403.89",-8.5%,"$ -34,890.19"
"$ 483,559.09",2020,December,"$ 375,513.70",28.77%,"$ 108,045.39"
"$ 329,215.29",2021,January,"$ 483,559.09",-31.92%,"$ -154,343.80"
"$ 322,598.29",2021,Febuary,"$ 329,215.29",-2.01%,"$ -6,617.00"
"$ 324,751.22",2021,March,"$ 322,598.29",0.67%,"$ 2,152.93"
"$ 324,102.10",2021,April,"$ 324,751.22",-0.2%,$ -649.12
"$ 332,799.89",2021,May,"$ 324,102.10",2.68%,"$ 8,697.79"
"$ 304,695.53",2021,June,"$ 332,799.89",-8.44%,"$ -28,104.36"
"$ 344,984.38",2021,July,"$ 304,695.53",13.22%,"$ 40,288.85"
"$ 335,205.59",2021,August,"$ 344,984.38",-2.83%,"$ -9,778.79"
"$ 347,344.27",2021,September,"$ 335,205.59",3.62%,"$ 12,138.68"
"$ 334,467.54",2021,October,"$ 347,344.27",-3.71%,"$ -12,876.73"
"$ 321,044.87",2021,November,"$ 334,467.54",-4.01%,"$ -13,422.67"
"$ 448,447.14",2021,December,"$ 321,044.87",39.68%,"$ 127,402.27"
"$ 351,084.18",2022,January,"$ 448,447.14",-21.71%,"$ -97,362.96"
"$ 343,714.06",2022,Febuary,"$ 351,084.18",-2.1%,"$ -7,370.12"
"$ 368,850.89",2022,March,"$ 343,714.06",7.31%,"$ 25,136.83"
"$ 363,971.06",2022,April,"$ 368,850.89",-1.32%,"$ -4,879.83"
"$ 366,245.80",2022,May,"$ 363,971.06",0.62%,"$ 2,274.74"
"$ 333,599.84",2022,June,"$ 366,245.80",-8.91%,"$ -32,645.96"
"$ 343,556.76",2022,July,"$ 333,599.84",2.98%,"$ 9,956.92"
"$ 331,588.97",2022,August,"$ 343,556.76",-3.48%,"$ -11,967.79"
"$ 334,345.85",2022,September,"$ 331,588.97",0.83%,"$ 2,756.88"
"$ 361,050.92",2022,October,"$ 334,345.85",7.99%,"$ 26,705.07"
"$ 335,309.96",2022,November,"$ 361,050.92",-7.13%,"$ -25,740.96"
"$ 423,885.86",2022,December,"$ 335,309.96",26.42%,"$ 88,575.90"
"$ 362,919.17",2023,January,"$ 423,885.86",-14.38%,"$ -60,966.69"
"$ 285,150.14",2023,Febuary,"$ 362,919.17",-21.43%,"$ -77,769.03"
"$ 339,910.61",2023,March,"$ 285,150.14",19.2%,"$ 54,760.47"
"$ 323,369.35",2023,April,"$ 339,910.61",-4.87%,"$ -16,541.26"
"$ 324,410.31",2023,May,"$ 323,369.35",0.32%,"$ 1,040.96"
"$ 332,611.16",2023,June,"$ 324,410.31",2.53%,"$ 8,200.85"
"$ 343,616.40",2023,July,"$ 332,611.16",3.31%,"$ 11,005.24"
"$ 357,865.88",2023,August,"$ 343,616.40",4.15%,"$ 14,249.48"
"$ 367,381.27",2023,September,"$ 357,865.88",2.66%,"$ 9,515.39"
"$ 332,511.70",2023,October,"$ 367,381.27",-9.49%,"$ -34,869.57"
"$ 318,022.21",2023,November,"$ 332,511.70",-4.36%,"$ -14,489.49"
"$ 420,612.21",2023,December,"$ 318,022.21",32.26%,"$ 102,590.00"
"$ 345,873.64",2024,January,"$ 420,612.21",-17.77%,"$ -74,738.57"
"$ 309,978.50",2024,Febuary,"$ 345,873.64",-10.38%,"$ -35,895.14"
"$ 371,226.92",2024,March,"$ 309,978.50",19.76%,"$ 61,248.42"
"$ 311,346.53",2024,April,"$ 371,226.92",-16.13%,"$ -59,880.39"
"$ 346,125.60",2024,May,"$ 311,346.53",11.17%,"$ 34,779.07"
"$ 346,220.39",2024,June,"$ 346,125.60",0.03%,$ 94.79
"$ 343,891.42",2024,July,"$ 346,220.39",-0.67%,"$ -2,328.97"
"$ 355,204.14",2024,August,"$ 343,891.42",3.29%,"$ 11,312.72"
"$ 337,495.30",2024,September,"$ 355,204.14",-4.99%,"$ -17,708.84"
"$ 357,874.10",2024,October,"$ 337,495.30",6.04%,"$ 20,378.80"
"$ 337,301.72",2024,November,"$ 357,874.10",-5.75%,"$ -20,572.38"
"$ 436,196.02",2024,December,"$ 337,301.72",29.32%,"$ 98,894.30"
"$ 1,288,725.90",2019,January,,,
"$ 1,160,836.23",2019,Febuary,"$ 1,288,725.90",-9.92%,"$ -127,889.67"
"$ 1,252,565.48",2019,March,"$ 1,160,836.23",7.9%,"$ 91,729.25"
"$ 1,275,806.50",2019,April,"$ 1,252,565.48",1.86%,"$ 23,241.02"
"$ 1,213,025.17",2019,May,"$ 1,275,806.50",-4.92%,"$ -62,781.33"
"$ 1,198,879.84",2019,June,"$ 1,213,025.17",-1.17%,"$ -14,145.33"
"$ 1,266,411.87",2019,July,"$ 1,198,879.84",5.63%,"$ 67,532.03"
"$ 1,270,007.72",2019,August,"$ 1,266,411.87",0.28%,"$ 3,595.85"
"$ 1,279,839.20",2019,September,"$ 1,270,007.72",0.77%,"$ 9,831.48"
"$ 1,295,824.21",2019,October,"$ 1,279,839.20",1.25%,"$ 15,985.01"
"$ 1,213,278.00",2019,November,"$ 1,295,824.21",-6.37%,"$ -82,546.21"
"$ 1,748,911.48",2019,December,"$ 1,213,278.00",44.15%,"$ 535,633.48"
"$ 1,477,368.49",2020,January,"$ 1,748,911.48",-15.53%,"$ -271,542.99"
"$ 1,366,859.57",2020,Febuary,"$ 1,477,368.49",-7.48%,"$ -110,508.92"
"$ 1,522,641.71",2020,March,"$ 1,366,859.57",11.4%,"$ 155,782.14"
"$ 1,445,660.58",2020,April,"$ 1,522,641.71",-5.06%,"$ -76,981.13"
"$ 1,594,029.10",2020,May,"$ 1,445,660.58",10.26%,"$ 148,368.52"
"$ 1,469,504.84",2020,June,"$ 1,594,029.10",-7.81%,"$ -124,524.26"
"$ 1,562,899.55",2020,July,"$ 1,469,504.84",6.36%,"$ 93,394.71"
"$ 1,535,355.21",2020,August,"$ 1,562,899.55",-1.76%,"$ -27,544.34"
"$ 1,461,398.18",2020,September,"$ 1,535,355.21",-4.82%,"$ -73,957.03"
"$ 1,450,309.04",2020,October,"$ 1,461,398.18",-0.76%,"$ -11,089.14"
"$ 1,397,499.57",2020,November,"$ 1,450,309.04",-3.64%,"$ -52,809.47"
"$ 1,894,604.71",2020,December,"$ 1,397,499.57",35.57%,"$ 497,105.14"
"$ 1,237,604.68",2021,January,"$ 1,894,604.71",-34.68%,"$ -657,000.03"
"$ 1,123,117.00",2021,Febuary,"$ 1,237,604.68",-9.25%,"$ -114,487.68"
"$ 1,256,172.02",2021,March,"$ 1,123,117.00",11.85%,"$ 133,055.02"
"$ 1,216,939.24",2021,April,"$ 1,256,172.02",-3.12%,"$ -39,232.78"
"$ 1,239,149.11",2021,May,"$ 1,216,939.24",1.83%,"$ 22,209.87"
"$ 1,262,197.33",2021,June,"$ 1,239,149.11",1.86%,"$ 23,048.22"
"$ 1,213,450.07",2021,July,"$ 1,262,197.33",-3.86%,"$ -48,747.26"
"$ 1,305,970.17",2021,August,"$ 1,213,450.07",7.62%,"$ 92,520.10"
"$ 1,316,306.00",2021,September,"$ 1,305,970.17",0.79%,"$ 10,335.83"
"$ 1,282,717.22",2021,October,"$ 1,316,306.00",-2.55%,"$ -33,588.78"
"$ 1,297,801.72",2021,November,"$ 1,282,717.22",1.18%,"$ 15,084.50"
"$ 1,634,078.77",2021,December,"$ 1,297,801.72",25.91%,"$ 336,277.05"
"$ 1,277,090.91",2022,January,"$ 1,634,078.77",-21.85%,"$ -356,987.86"
"$ 1,133,687.39",2022,Febuary,"$ 1,277,090.91",-11.23%,"$ -143,403.52"
"$ 1,334,526.25",2022,March,"$ 1,133,687.39",17.72%,"$ 200,838.86"
"$ 1,379,771.84",2022,April,"$ 1,334,526.25",3.39%,"$ 45,245.59"
"$ 1,389,254.72",2022,May,"$ 1,379,771.84",0.69%,"$ 9,482.88"
"$ 1,423,092.32",2022,June,"$ 1,389,254.72",2.44%,"$ 33,837.60"
"$ 1,333,583.34",2022,July,"$ 1,423,092.32",-6.29%,"$ -89,508.98"
"$ 1,373,639.97",2022,August,"$ 1,333,583.34",3%,"$ 40,056.63"
"$ 1,321,279.64",2022,September,"$ 1,373,639.97",-3.81%,"$ -52,360.33"
"$ 1,342,582.64",2022,October,"$ 1,321,279.64",1.61%,"$ 21,303.00"
"$ 1,274,337.40",2022,November,"$ 1,342,582.64",-5.08%,"$ -68,245.24"
"$ 1,508,114.98",2022,December,"$ 1,274,337.40",18.35%,"$ 233,777.58"
"$ 1,273,885.92",2023,January,"$ 1,508,114.98",-15.53%,"$ -234,229.06"
"$ 1,172,663.06",2023,Febuary,"$ 1,273,885.92",-7.95%,"$ -101,222.86"
"$ 1,308,313.53",2023,March,"$ 1,172,663.06",11.57%,"$ 135,650.47"
"$ 1,226,318.33",2023,April,"$ 1,308,313.53",-6.27%,"$ -81,995.20"
"$ 1,293,600.46",2023,May,"$ 1,226,318.33",5.49%,"$ 67,282.13"
"$ 1,282,280.03",2023,June,"$ 1,293,600.46",-0.88%,"$ -11,320.43"
"$ 1,371,613.80",2023,July,"$ 1,282,280.03",6.97%,"$ 89,333.77"
"$ 1,281,283.92",2023,August,"$ 1,371,613.80",-6.59%,"$ -90,329.88"
"$ 1,245,563.96",2023,September,"$ 1,281,283.92",-2.79%,"$ -35,719.96"
"$ 1,256,283.64",2023,October,"$ 1,245,563.96",0.86%,"$ 10,719.68"
"$ 1,304,314.18",2023,November,"$ 1,256,283.64",3.82%,"$ 48,030.54"
"$ 1,538,482.20",2023,December,"$ 1,304,314.18",17.95%,"$ 234,168.02"
"$ 1,342,820.00",2024,January,"$ 1,538,482.20",-12.72%,"$ -195,662.20"
"$ 1,270,685.17",2024,Febuary,"$ 1,342,820.00",-5.37%,"$ -72,134.83"
"$ 1,275,508.34",2024,March,"$ 1,270,685.17",0.38%,"$ 4,823.17"
"$ 1,240,685.41",2024,April,"$ 1,275,508.34",-2.73%,"$ -34,822.93"
"$ 1,285,808.18",2024,May,"$ 1,240,685.41",3.64%,"$ 45,122.77"
"$ 1,185,664.20",2024,June,"$ 1,285,808.18",-7.79%,"$ -100,143.98"
"$ 1,273,085.21",2024,July,"$ 1,185,664.20",7.37%,"$ 87,421.01"
"$ 1,246,624.31",2024,August,"$ 1,273,085.21",-2.08%,"$ -26,460.90"
"$ 1,251,276.59",2024,September,"$ 1,246,624.31",0.37%,"$ 4,652.28"
"$ 1,257,947.23",2024,October,"$ 1,251,276.59",0.53%,"$ 6,670.64"
"$ 1,301,021.90",2024,November,"$ 1,257,947.23",3.42%,"$ 43,074.67"
"$ 1,656,907.62",2024,December,"$ 1,301,021.90",27.35%,"$ 355,885.72"
"$ 719,222.83",2019,January,,,
"$ 625,485.65",2019,Febuary,"$ 719,222.83",-13.03%,"$ -93,737.18"
"$ 685,277.08",2019,March,"$ 625,485.65",9.56%,"$ 59,791.43"
"$ 668,584.11",2019,April,"$ 685,277.08",-2.44%,"$ -16,692.97"
"$ 709,249.56",2019,May,"$ 668,584.11",6.08%,"$ 40,665.45"
"$ 687,586.56",2019,June,"$ 709,249.56",-3.05%,"$ -21,663.00"
"$ 699,678.05",2019,July,"$ 687,586.56",1.76%,"$ 12,091.49"
"$ 689,360.25",2019,August,"$ 699,678.05",-1.47%,"$ -10,317.80"
"$ 681,684.77",2019,September,"$ 689,360.25",-1.11%,"$ -7,675.48"
"$ 663,973.72",2019,October,"$ 681,684.77",-2.6%,"$ -17,711.05"
"$ 686,449.41",2019,November,"$ 663,973.72",3.39%,"$ 22,475.69"
"$ 905,772.05",2019,December,"$ 686,449.41",31.95%,"$ 219,322.64"
"$ 816,994.33",2020,January,"$ 905,772.05",-9.8%,"$ -88,777.72"
"$ 796,815.70",2020,Febuary,"$ 816,994.33",-2.47%,"$ -20,178.63"
"$ 810,334.82",2020,March,"$ 796,815.70",1.7%,"$ 13,519.12"
"$ 817,122.06",2020,April,"$ 810,334.82",0.84%,"$ 6,787.24"
"$ 853,487.73",2020,May,"$ 817,122.06",4.45%,"$ 36,365.67"
"$ 765,075.36",2020,June,"$ 853,487.73",-10.36%,"$ -88,412.37"
"$ 849,991.34",2020,July,"$ 765,075.36",11.1%,"$ 84,915.98"
"$ 840,966.82",2020,August,"$ 849,991.34",-1.06%,"$ -9,024.52"
"$ 881,757.13",2020,September,"$ 840,966.82",4.85%,"$ 40,790.31"
"$ 859,203.41",2020,October,"$ 881,757.13",-2.56%,"$ -22,553.72"
"$ 787,913.29",2020,November,"$ 859,203.41",-8.3%,"$ -71,290.12"
"$ 966,142.07",2020,December,"$ 787,913.29",22.62%,"$ 178,228.78"
"$ 645,441.24",2021,January,"$ 966,142.07",-33.19%,"$ -320,700.83"
"$ 638,079.07",2021,Febuary,"$ 645,441.24",-1.14%,"$ -7,362.17"
"$ 686,529.64",2021,March,"$ 638,079.07",7.59%,"$ 48,450.57"
"$ 685,395.04",2021,April,"$ 686,529.64",-0.17%,"$ -1,134.60"
"$ 652,462.40",2021,May,"$ 685,395.04",-4.8%,"$ -32,932.64"
"$ 705,980.53",2021,June,"$ 652,462.40",8.2%,"$ 53,518.13"
"$ 697,872.24",2021,July,"$ 705,980.53",-1.15%,"$ -8,108.29"
"$ 728,139.38",2021,August,"$ 697,872.24",4.34%,"$ 30,267.14"
"$ 683,694.97",2021,September,"$ 728,139.38",-6.1%,"$ -44,444.41"
"$ 669,045.05",2021,October,"$ 683,694.97",-2.14%,"$ -14,649.92"
"$ 645,225.69",2021,November,"$ 669,045.05",-3.56%,"$ -23,819.36"
"$ 839,247.62",2021,December,"$ 645,225.69",30.07%,"$ 194,021.93"
"$ 713,271.96",2022,January,"$ 839,247.62",-15.01%,"$ -125,975.66"
"$ 578,968.40",2022,Febuary,"$ 713,271.96",-18.83%,"$ -134,303.56"
"$ 742,171.54",2022,March,"$ 578,968.40",28.19%,"$ 163,203.14"
"$ 707,078.97",2022,April,"$ 742,171.54",-4.73%,"$ -35,092.57"
"$ 741,892.81",2022,May,"$ 707,078.97",4.92%,"$ 34,813.84"
"$ 724,610.97",2022,June,"$ 741,892.81",-2.33%,"$ -17,281.84"
"$ 742,946.53",2022,July,"$ 724,610.97",2.53%,"$ 18,335.56"
"$ 751,922.25",2022,August,"$ 742,946.53",1.21%,"$ 8,975.72"
"$ 727,533.63",2022,September,"$ 751,922.25",-3.24%,"$ -24,388.62"
"$ 738,796.13",2022,October,"$ 727,533.63",1.55%,"$ 11,262.50"
"$ 665,444.69",2022,November,"$ 738,796.13",-9.93%,"$ -73,351.44"
"$ 856,281.59",2022,December,"$ 665,444.69",28.68%,"$ 190,836.90"
"$ 750,118.59",2023,January,"$ 856,281.59",-12.4%,"$ -106,163.00"
"$ 639,408.20",2023,Febuary,"$ 750,118.59",-14.76%,"$ -110,710.39"
"$ 714,762.11",2023,March,"$ 639,408.20",11.78%,"$ 75,353.91"
"$ 669,464.53",2023,April,"$ 714,762.11",-6.34%,"$ -45,297.58"
"$ 650,936.57",2023,May,"$ 669,464.53",-2.77%,"$ -18,527.96"
"$ 647,984.40",2023,June,"$ 650,936.57",-0.45%,"$ -2,952.17"
"$ 700,555.25",2023,July,"$ 647,984.40",8.11%,"$ 52,570.85"
"$ 701,373.98",2023,August,"$ 700,555.25",0.12%,$ 818.73
"$ 711,049.19",2023,September,"$ 701,373.98",1.38%,"$ 9,675.21"
"$ 726,522.04",2023,October,"$ 711,049.19",2.18%,"$ 15,472.85"
"$ 688,319.43",2023,November,"$ 726,522.04",-5.26%,"$ -38,202.61"
"$ 855,768.09",2023,December,"$ 688,319.43",24.33%,"$ 167,448.66"
"$ 718,530.08",2024,January,"$ 855,768.09",-16.04%,"$ -137,238.01"
"$ 681,551.61",2024,Febuary,"$ 718,530.08",-5.15%,"$ -36,978.47"
"$ 761,779.31",2024,March,"$ 681,551.61",11.77%,"$ 80,227.70"
"$ 687,860.86",2024,April,"$ 761,779.31",-9.7%,"$ -73,918.45"
"$ 689,604.36",2024,May,"$ 687,860.86",0.25%,"$ 1,743.50"
"$ 710,483.41",2024,June,"$ 689,604.36",3.03%,"$ 20,879.05"
"$ 701,572.54",2024,July,"$ 710,483.41",-1.25%,"$ -8,910.87"
"$ 685,711.51",2024,August,"$ 701,572.54",-2.26%,"$ -15,861.03"
"$ 693,492.89",2024,September,"$ 685,711.51",1.13%,"$ 7,781.38"
"$ 704,978.52",2024,October,"$ 693,492.89",1.66%,"$ 11,485.63"
"$ 690,632.10",2024,November,"$ 704,978.52",-2.04%,"$ -14,346.42"
"$ 877,366.72",2024,December,"$ 690,632.10",27.04%,"$ 186,734.62"
"$ 346,092.23",2019,January,,,
"$ 290,379.95",2019,Febuary,"$ 346,092.23",-16.1%,"$ -55,712.28"
"$ 349,033.64",2019,March,"$ 290,379.95",20.2%,"$ 58,653.69"
"$ 331,562.20",2019,April,"$ 349,033.64",-5.01%,"$ -17,471.44"
"$ 334,398.43",2019,May,"$ 331,562.20",0.86%,"$ 2,836.23"
"$ 321,431.78",2019,June,"$ 334,398.43",-3.88%,"$ -12,966.65"
"$ 340,273.40",2019,July,"$ 321,431.78",5.86%,"$ 18,841.62"
"$ 350,947.18",2019,August,"$ 340,273.40",3.14%,"$ 10,673.78"
"$ 326,653.86",2019,September,"$ 350,947.18",-6.92%,"$ -24,293.32"
"$ 349,557.81",2019,October,"$ 326,653.86",7.01%,"$ 22,903.95"
"$ 333,724.30",2019,November,"$ 349,557.81",-4.53%,"$ -15,833.51"
"$ 452,416.60",2019,December,"$ 333,724.30",35.57%,"$ 118,692.30"
"$ 386,104.84",2020,January,"$ 452,416.60",-14.66%,"$ -66,311.76"
"$ 369,096.82",2020,Febuary,"$ 386,104.84",-4.41%,"$ -17,008.02"
"$ 420,183.49",2020,March,"$ 369,096.82",13.84%,"$ 51,086.67"
"$ 393,799.10",2020,April,"$ 420,183.49",-6.28%,"$ -26,384.39"
"$ 421,783.19",2020,May,"$ 393,799.10",7.11%,"$ 27,984.09"
"$ 399,689.61",2020,June,"$ 421,783.19",-5.24%,"$ -22,093.58"
"$ 411,550.98",2020,July,"$ 399,689.61",2.97%,"$ 11,861.37"
"$ 389,909.80",2020,August,"$ 411,550.98",-5.26%,"$ -21,641.18"
"$ 424,954.60",2020,September,"$ 389,909.80",8.99%,"$ 35,044.80"
"$ 434,730.16",2020,October,"$ 424,954.60",2.3%,"$ 9,775.56"
"$ 365,148.37",2020,November,"$ 434,730.16",-16.01%,"$ -69,581.79"
"$ 440,619.99",2020,December,"$ 365,148.37",20.67%,"$ 75,471.62"
"$ 341,752.95",2021,January,"$ 440,619.99",-22.44%,"$ -98,867.04"
"$ 335,406.85",2021,Febuary,"$ 341,752.95",-1.86%,"$ -6,346.10"
"$ 363,588.22",2021,March,"$ 335,406.85",8.4%,"$ 28,181.37"
"$ 311,899.09",2021,April,"$ 363,588.22",-14.22%,"$ -51,689.13"
"$ 342,645.74",2021,May,"$ 311,899.09",9.86%,"$ 30,746.65"
"$ 343,436.08",2021,June,"$ 342,645.74",0.23%,$ 790.34
"$ 344,170.42",2021,July,"$ 343,436.08",0.21%,$ 734.34
"$ 349,281.36",2021,August,"$ 344,170.42",1.49%,"$ 5,110.94"
"$ 344,104.09",2021,September,"$ 349,281.36",-1.48%,"$ -5,177.27"
"$ 347,876.97",2021,October,"$ 344,104.09",1.1%,"$ 3,772.88"
"$ 328,719.63",2021,November,"$ 347,876.97",-5.51%,"$ -19,157.34"
"$ 435,912.40",2021,December,"$ 328,719.63",32.61%,"$ 107,192.77"
"$ 364,946.60",2022,January,"$ 435,912.40",-16.28%,"$ -70,965.80"
"$ 322,298.08",2022,Febuary,"$ 364,946.60",-11.69%,"$ -42,648.52"
"$ 357,696.60",2022,March,"$ 322,298.08",10.98%,"$ 35,398.52"
"$ 336,562.07",2022,April,"$ 357,696.60",-5.91%,"$ -21,134.53"
"$ 367,711.08",2022,May,"$ 336,562.07",9.26%,"$ 31,149.01"
"$ 345,803.00",2022,June,"$ 367,711.08",-5.96%,"$ -21,908.08"
"$ 346,008.19",2022,July,"$ 345,803.00",0.06%,$ 205.19
"$ 356,609.99",2022,August,"$ 346,008.19",3.06%,"$ 10,601.80"
"$ 339,277.90",2022,September,"$ 356,609.99",-4.86%,"$ -17,332.09"
"$ 345,710.84",2022,October,"$ 339,277.90",1.9%,"$ 6,432.94"
"$ 363,660.09",2022,November,"$ 345,710.84",5.19%,"$ 17,949.25"
"$ 406,211.44",2022,December,"$ 363,660.09",11.7%,"$ 42,551.35"
"$ 356,987.73",2023,January,"$ 406,211.44",-12.12%,"$ -49,223.71"
"$ 300,869.15",2023,Febuary,"$ 356,987.73",-15.72%,"$ -56,118.58"
"$ 317,040.03",2023,March,"$ 300,869.15",5.37%,"$ 16,170.88"
"$ 338,617.22",2023,April,"$ 317,040.03",6.81%,"$ 21,577.19"
"$ 369,509.52",2023,May,"$ 338,617.22",9.12%,"$ 30,892.30"
"$ 339,329.56",2023,June,"$ 369,509.52",-8.17%,"$ -30,179.96"
"$ 339,356.17",2023,July,"$ 339,329.56",0.01%,$ 26.61
"$ 366,902.21",2023,August,"$ 339,356.17",8.12%,"$ 27,546.04"
"$ 332,156.93",2023,September,"$ 366,902.21",-9.47%,"$ -34,745.28"
"$ 342,819.56",2023,October,"$ 332,156.93",3.21%,"$ 10,662.63"
"$ 313,172.87",2023,November,"$ 342,819.56",-8.65%,"$ -29,646.69"
"$ 441,449.09",2023,December,"$ 313,172.87",40.96%,"$ 128,276.22"
"$ 336,223.37",2024,January,"$ 441,449.09",-23.84%,"$ -105,225.72"
"$ 314,549.46",2024,Febuary,"$ 336,223.37",-6.45%,"$ -21,673.91"
"$ 334,908.05",2024,March,"$ 314,549.46",6.47%,"$ 20,358.59"
"$ 318,284.71",2024,April,"$ 334,908.05",-4.96%,"$ -16,623.34"
"$ 358,607.27",2024,May,"$ 318,284.71",12.67%,"$ 40,322.56"
"$ 343,788.87",2024,June,"$ 358,607.27",-4.13%,"$ -14,818.40"
"$ 359,158.98",2024,July,"$ 343,788.87",4.47%,"$ 15,370.11"
"$ 362,435.80",2024,August,"$ 359,158.98",0.91%,"$ 3,276.82"
"$ 331,494.21",2024,September,"$ 362,435.80",-8.54%,"$ -30,941.59"
"$ 326,193.38",2024,October,"$ 331,494.21",-1.6%,"$ -5,300.83"
"$ 350,365.13",2024,November,"$ 326,193.38",7.41%,"$ 24,171.75"
"$ 437,711.27",2024,December,"$ 350,365.13",24.93%,"$ 87,346.14"
"$ 343,349.93",2019,January,,,
"$ 280,919.79",2019,Febuary,"$ 343,349.93",-18.18%,"$ -62,430.14"
"$ 332,226.34",2019,March,"$ 280,919.79",18.26%,"$ 51,306.55"
"$ 344,106.13",2019,April,"$ 332,226.34",3.58%,"$ 11,879.79"
"$ 348,409.10",2019,May,"$ 344,106.13",1.25%,"$ 4,302.97"
"$ 315,003.82",2019,June,"$ 348,409.10",-9.59%,"$ -33,405.28"
"$ 350,094.71",2019,July,"$ 315,003.82",11.14%,"$ 35,090.89"
"$ 335,980.40",2019,August,"$ 350,094.71",-4.03%,"$ -14,114.31"
"$ 358,896.66",2019,September,"$ 335,980.40",6.82%,"$ 22,916.26"
"$ 353,385.96",2019,October,"$ 358,896.66",-1.54%,"$ -5,510.70"
"$ 332,486.84",2019,November,"$ 353,385.96",-5.91%,"$ -20,899.12"
"$ 465,082.55",2019,December,"$ 332,486.84",39.88%,"$ 132,595.71"
"$ 435,747.09",2020,January,"$ 465,082.55",-6.31%,"$ -29,335.46"
"$ 376,869.63",2020,Febuary,"$ 435,747.09",-13.51%,"$ -58,877.46"
"$ 430,003.18",2020,March,"$ 376,869.63",14.1%,"$ 53,133.55"
"$ 397,408.17",2020,April,"$ 430,003.18",-7.58%,"$ -32,595.01"
"$ 418,325.30",2020,May,"$ 397,408.17",5.26%,"$ 20,917.13"
"$ 408,285.21",2020,June,"$ 418,325.30",-2.4%,"$ -10,040.09"
"$ 420,211.22",2020,July,"$ 408,285.21",2.92%,"$ 11,926.01"
"$ 407,243.70",2020,August,"$ 420,211.22",-3.09%,"$ -12,967.52"
"$ 389,594.11",2020,September,"$ 407,243.70",-4.33%,"$ -17,649.59"
"$ 427,342.62",2020,October,"$ 389,594.11",9.69%,"$ 37,748.51"
"$ 399,424.77",2020,November,"$ 427,342.62",-6.53%,"$ -27,917.85"
"$ 466,829.21",2020,December,"$ 399,424.77",16.88%,"$ 67,404.44"
"$ 341,200.44",2021,January,"$ 466,829.21",-26.91%,"$ -125,628.77"
"$ 309,931.58",2021,Febuary,"$ 341,200.44",-9.16%,"$ -31,268.86"
"$ 353,394.09",2021,March,"$ 309,931.58",14.02%,"$ 43,462.51"
"$ 341,610.93",2021,April,"$ 353,394.09",-3.33%,"$ -11,783.16"
"$ 339,566.64",2021,May,"$ 341,610.93",-0.6%,"$ -2,044.29"
"$ 346,948.39",2021,June,"$ 339,566.64",2.17%,"$ 7,381.75"
"$ 347,799.05",2021,July,"$ 346,948.39",0.25%,$ 850.66
"$ 356,133.93",2021,August,"$ 347,799.05",2.4%,"$ 8,334.88"
"$ 348,507.61",2021,September,"$ 356,133.93",-2.14%,"$ -7,626.32"
"$ 357,238.14",2021,October,"$ 348,507.61",2.51%,"$ 8,730.53"
"$ 347,990.06",2021,November,"$ 357,238.14",-2.59%,"$ -9,248.08"
"$ 458,821.65",2021,December,"$ 347,990.06",31.85%,"$ 110,831.59"
"$ 356,539.01",2022,January,"$ 458,821.65",-22.29%,"$ -102,282.64"
"$ 325,850.58",2022,Febuary,"$ 356,539.01",-8.61%,"$ -30,688.43"
"$ 362,386.52",2022,March,"$ 325,850.58",11.21%,"$ 36,535.94"
"$ 345,120.38",2022,April,"$ 362,386.52",-4.76%,"$ -17,266.14"
"$ 336,768.49",2022,May,"$ 345,120.38",-2.42%,"$ -8,351.89"
"$ 346,621.53",2022,June,"$ 336,768.49",2.93%,"$ 9,853.04"
"$ 333,630.59",2022,July,"$ 346,621.53",-3.75%,"$ -12,990.94"
"$ 333,911.62",2022,August,"$ 333,630.59",0.08%,$ 281.03
"$ 356,141.27",2022,September,"$ 333,911.62",6.66%,"$ 22,229.65"
"$ 350,455.04",2022,October,"$ 356,141.27",-1.6%,"$ -5,686.23"
"$ 379,155.27",2022,November,"$ 350,455.04",8.19%,"$ 28,700.23"
"$ 426,123.02",2022,December,"$ 379,155.27",12.39%,"$ 46,967.75"
"$ 325,235.61",2023,January,"$ 426,123.02",-23.68%,"$ -100,887.41"
"$ 333,072.94",2023,Febuary,"$ 325,235.61",2.41%,"$ 7,837.33"
"$ 322,614.62",2023,March,"$ 333,072.94",-3.14%,"$ -10,458.32"
"$ 352,997.11",2023,April,"$ 322,614.62",9.42%,"$ 30,382.49"
"$ 339,752.81",2023,May,"$ 352,997.11",-3.75%,"$ -13,244.30"
"$ 322,051.47",2023,June,"$ 339,752.81",-5.21%,"$ -17,701.34"
"$ 336,727.90",2023,July,"$ 322,051.47",4.56%,"$ 14,676.43"
"$ 341,648.49",2023,August,"$ 336,727.90",1.46%,"$ 4,920.59"
"$ 327,495.58",2023,September,"$ 341,648.49",-4.14%,"$ -14,152.91"
"$ 323,532.76",2023,October,"$ 327,495.58",-1.21%,"$ -3,962.82"
"$ 336,790.03",2023,November,"$ 323,532.76",4.1%,"$ 13,257.27"
"$ 405,744.03",2023,December,"$ 336,790.03",20.47%,"$ 68,954.00"
"$ 367,740.18",2024,January,"$ 405,744.03",-9.37%,"$ -38,003.85"
"$ 305,512.31",2024,Febuary,"$ 367,740.18",-16.92%,"$ -62,227.87"
"$ 336,231.10",2024,March,"$ 305,512.31",10.05%,"$ 30,718.79"
"$ 348,894.52",2024,April,"$ 336,231.10",3.77%,"$ 12,663.42"
"$ 356,311.60",2024,May,"$ 348,894.52",2.13%,"$ 7,417.08"
"$ 337,863.85",2024,June,"$ 356,311.60",-5.18%,"$ -18,447.75"
"$ 336,659.88",2024,July,"$ 337,863.85",-0.36%,"$ -1,203.97"
"$ 354,903.11",2024,August,"$ 336,659.88",5.42%,"$ 18,243.23"
"$ 326,224.02",2024,September,"$ 354,903.11",-8.08%,"$ -28,679.09"
"$ 360,123.28",2024,October,"$ 326,224.02",10.39%,"$ 33,899.26"
"$ 327,974.39",2024,November,"$ 360,123.28",-8.93%,"$ -32,148.89"
"$ 435,650.67",2024,December,"$ 327,974.39",32.83%,"$ 107,676.28"
